unitid,acreage,own_campus,source_url,checked_at,image_url,image_credit_url,image_license,image_author,notes
436614,,yes,https://ibcs.edu/campus-living/,2026-10-05,,,,,Residence halls and shared campus spaces are described; acreage is not stated.
112394,,yes,https://en.wikipedia.org/wiki/University_of_Silicon_Valley,2026-10-05,,,,,Current campus is on Baypointe Parkway in San Jose. Student housing is at The Enso next to that campus. The former Sunnyvale campus was sold in 2012. Acreage is not stated.
164614,5,yes,https://en.wikipedia.org/wiki/Boston_Baptist_College,2026-10-05,,,,,"Wikipedia campus section: five-acre campus with separate housing, lecture halls, library, and dining."
242653,,yes,https://en.wikipedia.org/wiki/Inter_American_University_of_Puerto_Rico,2026-10-05,,,,,Metro is one of the university's campuses. Acreage for this campus is not stated.
107840,,yes,https://en.wikipedia.org/wiki/Shorter_College_(Arkansas),2026-10-05,https://commons.wikimedia.org/wiki/Special:FilePath/Shorter_University%2C_Argenta%2C_Arkansas.jpg?width=400,https://commons.wikimedia.org/wiki/File:Shorter_University%2C_Argenta%2C_Arkansas.jpg,Public domain,W. N. Hartshorn and George W. Penniman (photographer unknown),"Campus covers three and one-half square blocks in North Little Rock, with multiple buildings including a student center, library, and gym. Acreage is not converted from blocks."
464226,,yes,https://en.wikipedia.org/wiki/Ottawa_University,2026-10-05,,,,,"A second residential campus opened in Surprise, Arizona in 2017 (OUAZ). Kansas acreage figures are the Ottawa, Kansas campus and are not used here."
147396,17,yes,https://apps.illinoisworknet.com/cis/TrainingPrograms/SchoolInformation/540104,2026-10-05,,,,,Illinois workNet lists campus size as 17 acres for the Morrison campus.
209241,350,yes,https://en.wikipedia.org/wiki/Mount_Angel_Abbey,2026-10-05,https://commons.wikimedia.org/wiki/Special:FilePath/Mt._Angel_Abbey_%28Marion_County%2C_Oregon_scenic_images%29_%28marDA0213%29.jpg?width=400,https://commons.wikimedia.org/wiki/File:Mt._Angel_Abbey_%28Marion_County%2C_Oregon_scenic_images%29_%28marDA0213%29.jpg,Attribution,"Gary Halvorson, Oregon State Archives","The seminary sits on Mount Angel Abbey. The 350 acres are the abbey grounds, not a separate seminary parcel."
228486,,yes,https://en.wikipedia.org/wiki/Southwestern_Christian_College,2026-10-05,,,,,Terrell campus includes historic buildings. Acreage is not stated.
225575,24,yes,https://en.wikipedia.org/wiki/Huston%E2%80%93Tillotson_University,2026-10-05,,,,,Wikipedia campus size is 24 acres.
140988,155,yes,https://en.wikipedia.org/wiki/Shorter_University,2026-10-05,,,,,"The university is on a 155-acre campus in Rome, Georgia."
170000,23,yes,https://en.wikipedia.org/wiki/Grace_Christian_University,2026-10-05,,,,,Wikipedia campus size is 23 acres.
142090,16,yes,https://en.wikipedia.org/wiki/Boise_Bible_College,2026-10-05,https://commons.wikimedia.org/wiki/Special:FilePath/BBC_Library_Building.JPG?width=400,https://commons.wikimedia.org/wiki/File:BBC_Library_Building.JPG,Public domain,Onesimus73,Wikipedia describes a 16-acre site in Garden City.
495280,,yes,https://www.indianbible.org/wp-content/uploads/2015/07/2016-17-IBC-Catalog.pdf,2026-10-05,,,,,The 2016-17 catalog says the college owns a block in east Flagstaff with eight buildings. Acreage is not stated. Dorm capacity is under 50.
117283,3.3,yes,"https://en.wikipedia.org/wiki/Latin_American_Bible_Institute,_California",2026-10-05,,,,,Wikipedia campus size is 3.3 acres in La Puente.
461795,,yes,https://en.wikipedia.org/wiki/North_American_University,2026-10-05,,,,,Wikipedia says dorms are on the main campus. Acreage is not stated.
242617,,yes,https://en.wikipedia.org/wiki/Inter_American_University_of_Puerto_Rico,2026-10-05,,,,,San German is the historic main campus of the system. Acreage for this campus is not stated.
137953,140,yes,https://tcj.edu/,2026-10-05,,,,,The college shares approximately 140 acres with Trinity Ministries in Jacksonville.
112084,,yes,https://en.wikipedia.org/wiki/San_Diego_Christian_College,2026-10-05,,,,,"Santee campus has five academic buildings. Wikipedia says residential apartments are 1.8 miles off that campus, while IPEDS still reports on-campus housing. Acreage is not stated. Dorm capacity is under 50."
228325,70,yes,https://en.wikipedia.org/wiki/Nelson_University,2026-10-05,,,,,"Nelson University, formerly Southwestern Assemblies of God University, lists a 70-acre suburban campus."
119058,,yes,https://www.middlebury.edu/institute/admissions/visit,2026-10-05,,,,,The Institute describes grounds in central Monterey and 18 buildings. A Soka University acquisition is announced for fall 2027; this UNITID was still operating on 2026-10-05. Soka acreage is not used.
494685,43,yes,https://en.wikipedia.org/wiki/Urshan_University,2026-10-05,,,,,Wikipedia campus size is 43 acres in Wentzville. IPEDS 2025 names this UNITID Urshan University. The graduate-school UNITID is not counted as a second campus.
105899,73,yes,https://en.wikipedia.org/wiki/Arizona_Christian_University,2026-10-05,,,,,Wikipedia campus size is 73 acres.
225876,,yes,https://en.wikipedia.org/wiki/Jacksonville_College,2026-10-05,,,,,"Wikipedia says the campus expanded to include dorms, classrooms, and athletic facilities. Acreage is not stated."
238980,240,yes,https://en.wikipedia.org/wiki/Lakeland_University,2026-10-05,,,,,Wikipedia campus size is 240 acres for the Herman main campus.
154493,100,yes,https://en.wikipedia.org/wiki/Upper_Iowa_University,2026-10-05,,,,,"The 100 acres are the Fayette residential campus, not a center elsewhere."
120403,,yes,https://en.wikipedia.org/wiki/Otis_College_of_Art_and_Design,2026-10-05,,,,,"The main campus since 1997 is the former IBM Aerospace headquarters in Westchester, Los Angeles. Acreage is not stated."
169479,69,yes,https://en.wikipedia.org/wiki/Davenport_University,2026-10-05,,,,,"Wikipedia campus size is 69 acres. The campus section describes the W.A. Lettinga main campus in Grand Rapids, including residence halls. Other Davenport locations are not given this acreage."
242705,,yes,https://en.wikipedia.org/wiki/Inter_American_University_of_Puerto_Rico,2026-10-05,,,,,Bayamon is one of the university's campuses. Acreage for this campus is not stated.
231554,82,yes,https://en.wikipedia.org/wiki/Bluefield_University,2026-10-05,,,,,"Wikipedia says the campus is 82 acres on the eastern edge of Bluefield, Virginia."
134510,,yes,https://hsbc.edu/about/our-history/,2026-10-05,,,,,The college uses the grounds and facilities of Sea Breeze Camp. A 28-acre purchase in 1947 is the camp's origin story and is not recorded as current surveyed acreage.
233611,155,yes,https://en.wikipedia.org/wiki/Southern_Virginia_University,2026-10-05,,,,,Wikipedia campus size is 155 acres.
133872,9,yes,https://en.wikipedia.org/wiki/AdventHealth_University,2026-10-05,,,,,Wikipedia campus size is 9 acres in Orlando.
213774,20,yes,https://manor.edu/about/,2026-10-05,,,,,"Manor College describes a 20-acre campus in Jenkintown, Pennsylvania."
213303,276,yes,https://en.wikipedia.org/wiki/Keystone_College,2026-10-05,,,,,The 276-acre figure is the main campus. A separate 170-acre woodlands tract is not added.
492069,14,yes,https://www.champion.edu/about,2026-10-05,,,,,The college's about page says the church and college campus is approximately 14 acres in Hot Springs.
123280,55,yes,https://www.shasta.edu/about-shasta.html,2026-10-05,,,,,"The college says the campus is on 55 acres east of downtown Redding, with on-campus residence halls."
145497,,yes,https://en.wikipedia.org/wiki/Hebrew_Theological_College,2026-10-05,https://commons.wikimedia.org/wiki/Special:FilePath/Hebrew_Theological_College%2C_Skokie%2C_IL_1.jpg?width=400,https://commons.wikimedia.org/wiki/File:Hebrew_Theological_College%2C_Skokie%2C_IL_1.jpg,CC BY 4.0,Nick Number,Suburban Skokie campus with a library and beis midrash. A historical 16-acre announcement is not used as current acreage.
477233,,no,https://en.wikipedia.org/wiki/Evangel_University,2026-10-05,,,,,"James River is an Evangel additional location at a church, not the 80-acre Springfield campus. That acreage is not used."
169363,,no,https://www.cuaa.edu/about/future/index.html,2026-10-05,,,,,"The former 187-acre Geddes Road campus was sold to the University of Michigan. Ann Arbor operations continue at 3475 Plymouth Road, which is not recorded as an owned residential campus."
497213,,no,https://gnu.edu/about/student-life/our-campus/,2026-10-05,,,,,The university says Spokane is its campus and houses students in neighborhood houses rather than a dormitory campus.
446640,,no,https://en.wikipedia.org/wiki/Harrisburg_University_of_Science_and_Technology,2026-10-05,,,,,"The academic center is a 16-story downtown building, not a land campus."
164368,,no,https://en.wikipedia.org/wiki/Hult_International_Business_School,2026-10-05,,,,,This UNITID is a multi-city business school. No U.S. campus with its own grounds was documented.
201061,,no,https://en.wikipedia.org/wiki/Art_Academy_of_Cincinnati,2026-10-05,,,,,Wikipedia classifies the campus as urban and does not describe separate grounds.
195191,,no,https://www.sjhcon.edu/,2026-10-05,,,,,Hospital-based nursing program. On-campus housing capacity is under 50 and the school is not a standalone land campus.
148575,,no,https://en.wikipedia.org/wiki/Saint_Francis_Medical_Center_College_of_Nursing,2026-10-05,,,,,"Nursing college at Saint Francis Medical Center in Peoria, not a standalone land campus."
147129,,no,https://www.methodistcol.edu/current-students/student-life/residence-life,2026-10-05,,,,,"Student housing is an apartment complex for single students, not a campus of the college's own grounds."
486284,,no,https://en.wikipedia.org/wiki/Bethany_Global_University,2026-10-05,,,,,Wikipedia says the physical campus was sold in 2025 and the school moved to a fully online format.
455099,,no,https://en.wikipedia.org/wiki/Urshan_University,2026-10-05,,,,,The graduate school shares the Wentzville campus already counted under Urshan University / Urshan College UNITID 494685.
135081,,unknown,https://en.wikipedia.org/wiki/Keiser_University,2026-10-05,,,,,"The 100-acre residential campus is the West Palm Beach flagship, not this Fort Lauderdale UNITID. Fort Lauderdale grounds were not confirmed."
486257,,unknown,https://en.wikipedia.org/wiki/Valor_Christian_College,2026-10-05,,,,,The academic building moved onto the World Harvest Church campus. Published acreage figures conflict (52 and 137) and are not used.
197735,,unknown,https://therealdeal.com/new-york/tristate/2020/11/18/judge-approves-nyack-colleges-sale-of-100-acre-campus-to-yeshiva/,2026-10-05,,,,,"A court approved sale of Nyack College's campus to a Viznitz entity, and a Monsey address is also published. Which parcel this UNITID operates was not confirmed, so acreage is not assigned."
216542,,no,https://valleyforge.edu/,2026-10-05,,,,,Closed after the Summer 2026 semester. Not an acquisition target.
