unitid,housing_year,oncampus_housing,dormitory_capacity
459417,2022,0,-1
488068,2022,0,-1
201751,2022,0,-1
436261,2022,0,-1
443748,2022,0,-1
366605,2022,0,-1
445461,2022,0,-1
153621,2022,1,569
219295,2022,1,298
189848,2022,1,740
134811,2022,0,-1
490559,2022,0,-1
444255,2022,0,-1
164641,2022,1,55
434539,2022,0,-1
368443,2022,0,-1
261861,2022,0,-1
192925,2022,1,395
497790,2022,0,-1
450702,2022,0,-1
246345,2022,0,-1
458982,2022,0,-1
238430,2022,1,387
454184,2022,1,136
121275,2022,0,-1
222938,2022,0,-1
138813,2022,0,-1
194161,2022,1,414
212993,2022,0,-1
205559,2022,0,-1
486460,2022,0,-1
237118,2022,1,530
458496,2022,0,-1
220002,2022,0,-1
110918,2022,0,-1
408729,2022,0,-1
451820,2022,0,-1
486965,2022,0,-1
115728,2022,1,440
467368,2022,0,-1
172440,2022,1,165
224776,2022,0,-1
134422,2023,0,-1
242699,2023,0,-1
436614,2023,1,157
206154,2023,0,-1
181941,2023,0,-1
385619,2023,0,-1
215682,2023,0,-1
493600,2023,1,150
458964,2023,0,-1
241128,2023,0,-1
480985,2023,0,-1
477039,2023,0,-1
487746,2023,1,40
449481,2023,0,-1
117283,2023,1,106
494755,2023,0,-1
458113,2023,0,-1
189583,2023,0,-1
135610,2023,0,-1
197018,2023,1,700
464226,2023,1,401
457697,2023,0,-1
242149,2023,0,-1
198677,2023,0,-1
469416,2023,0,-1
482635,2023,0,-1
206394,2023,0,-1
123916,2023,0,-1
385503,2023,0,-1
445799,2023,0,-1
454810,2023,0,-1
486433,2023,0,-1
440271,2023,0,-1
105543,2023,0,-1
491640,2023,1,146
114549,2023,0,-1
105215,2023,0,-1
491631,2023,0,-1
215381,2023,0,-1
204468,2023,1,656
120838,2023,0,-1
458885,2023,0,-1
375416,2023,0,-1
457484,2023,1,36
486813,2023,0,-1
407610,2023,0,-1
497286,2023,0,-1
384306,2023,0,-1
199883,2023,0,-1
493716,2023,1,85
491190,2023,0,-1
486017,2023,1,26
490878,2023,0,-1
375939,2023,0,-1
451750,2023,0,-1
441371,2023,0,-1
498474,2023,0,-1
222105,2023,0,-1
482574,2023,0,-1
445744,2023,0,-1
149639,2023,0,-1
442426,2023,0,-1
498094,2023,0,-1
156727,2023,0,-1
120403,2023,1,407
154262,2023,0,-1
458681,2023,0,-1
495314,2023,0,-1
237598,2023,0,-1
164368,2023,1,460
475033,2023,0,-1
434900,2023,0,-1
449348,2023,0,-1
242662,2023,0,-1
209603,2023,1,130
240392,2023,0,-1
160524,2023,0,-1
456621,2023,0,-1
450067,2023,0,-1
475732,2023,0,-1
188517,2023,0,-1
245892,2023,0,-1
439792,2023,0,-1
484756,2023,0,-1
151810,2023,0,-1
490975,2023,0,-1
455804,2023,0,-1
233329,2023,0,-1
237437,2023,0,-1
233356,2023,0,-1
480198,2023,0,-1
108269,2023,0,-1
481401,2023,0,-1
118888,2023,1,572
241331,2023,0,-1
154493,2023,1,752
194657,2023,1,128
495961,2023,0,-1
131405,2023,0,-1
225201,2023,0,-1
437732,2023,0,-1
490498,2023,0,-1
481155,2023,0,-1
454838,2023,0,-1
449038,2023,0,-1
214023,2023,0,-1
228486,2023,1,192
459842,2023,0,-1
231785,2023,0,-1
497833,2023,1,190
495192,2023,0,-1
202912,2023,0,-1
392415,2023,0,-1
441025,2023,0,-1
451079,2023,0,-1
487649,2023,0,-1
498483,2023,0,-1
107840,2023,1,48
442611,2023,0,-1
434432,2023,0,-1
201821,2023,0,-1
492962,2023,0,-1
192165,2023,1,175
122117,2023,0,-1
449092,2023,0,-1
497462,2023,0,-1
193061,2023,1,51
238980,2023,1,672
497116,2023,0,-1
169479,2023,1,941
201061,2023,1,110
457129,2023,0,-1
189565,2023,0,-1
166407,2023,0,-1
232885,2023,0,-1
456490,2023,0,-1
443571,2023,0,-1
458955,2023,0,-1
128586,2023,0,-1
491613,2023,1,120
194736,2023,1,265
147697,2023,0,-1
496973,2023,0,-1
203739,2023,0,-1
111966,2023,0,-1
183248,2023,0,-1
223463,2023,0,-1
481775,2023,0,-1
197692,2023,1,176
494436,2023,0,-1
442930,2023,1,60
453215,2023,0,-1
242723,2023,0,-1
491941,2023,0,-1
496399,2023,0,-1
188942,2023,0,-1
102845,2023,0,-1
104665,2023,0,-1
493707,2023,1,95
114734,2023,0,-1
260691,2023,0,-1
110778,2023,0,-1
233684,2023,0,-1
108852,2023,1,148
133854,2023,0,-1
161208,2023,0,-1
372073,2023,0,-1
493646,2023,0,-1
458973,2023,0,-1
497408,2023,0,-1
459958,2023,0,-1
482565,2023,0,-1
488785,2023,0,-1
231411,2023,0,-1
429094,2023,0,-1
139995,2023,0,-1
147396,2023,1,132
434937,2023,1,70
497480,2023,0,-1
233408,2023,0,-1
488572,2023,0,-1
183789,2023,0,-1
193380,2023,0,-1
369659,2023,0,-1
497037,2023,0,-1
242635,2023,0,-1
140988,2023,1,760
197735,2023,1,650
455628,2023,0,-1
452124,2023,0,-1
224271,2023,0,-1
122685,2023,0,-1
451404,2023,0,-1
498076,2023,0,-1
475176,2023,0,-1
493798,2023,1,45
450401,2023,0,-1
494551,2023,0,-1
482228,2023,0,-1
460376,2023,0,-1
123633,2023,0,-1
494278,2023,0,-1
386153,2023,0,-1
406547,2023,0,-1
451866,2023,0,-1
496991,2023,0,-1
469629,2023,0,-1
492476,2023,0,-1
147129,2023,1,78
228325,2023,1,848
220996,2023,0,-1
262457,2023,0,-1
246789,2023,0,-1
485272,2023,0,-1
176770,2023,0,-1
456852,2023,0,-1
196583,2023,0,-1
496706,2023,0,-1
462044,2023,0,-1
164085,2023,0,-1
488907,2023,0,-1
457271,2023,0,-1
441690,2023,1,22
454236,2023,0,-1
107123,2023,0,-1
122649,2023,0,-1
445133,2023,0,-1
429128,2023,0,-1
245865,2023,0,-1
137953,2023,1,164
453163,2023,0,-1
418126,2023,0,-1
215415,2023,1,484
459994,2023,0,-1
434140,2023,0,-1
486284,2023,1,284
482990,2023,0,-1
219204,2023,0,-1
242644,2023,0,-1
461528,2023,0,-1
122694,2023,0,-1
491622,2023,1,140
420325,2023,1,98
444778,2023,0,-1
490106,2023,0,-1
446640,2023,1,231
493664,2023,0,-1
491659,2023,0,-1
112084,2023,1,48
494737,2023,1,54
242705,2023,1,72
486257,2023,1,200
447014,2023,0,-1
245847,2023,0,-1
485999,2023,0,-1
458140,2023,1,7
439783,2023,0,-1
455813,2023,0,-1
492801,2023,0,-1
412173,2023,0,-1
450377,2023,0,-1
443049,2023,0,-1
495280,2023,1,35
196440,2023,1,50
490230,2023,0,-1
459745,2023,0,-1
119058,2023,1,88
487153,2023,0,-1
217077,2023,0,-1
490346,2023,0,-1
444130,2023,0,-1
482468,2023,0,-1
135081,2023,1,734
483647,2023,0,-1
366535,2023,0,-1
210438,2023,0,-1
189592,2023,0,-1
152798,2023,0,-1
449074,2023,0,-1
439914,2023,0,-1
428259,2023,0,-1
495952,2023,0,-1
157021,2023,0,-1
195289,2023,0,-1
488563,2023,0,-1
146816,2023,0,-1
477233,2023,1,1465
494685,2023,1,438
245883,2023,0,-1
417734,2023,0,-1
233082,2023,0,-1
498119,2023,0,-1
449506,2023,0,-1
189282,2023,0,-1
443766,2023,0,-1
491765,2023,1,100
493080,2023,0,-1
485546,2023,0,-1
169655,2023,0,-1
225575,2023,1,573
195702,2023,0,-1
442383,2023,0,-1
201469,2023,0,-1
495031,2023,0,-1
212975,2023,1,350
377111,2023,0,-1
206279,2023,0,-1
112394,2023,1,200
151962,2023,0,-1
170000,2023,1,222
492607,2023,0,-1
225876,2023,1,180
494287,2023,0,-1
457086,2023,0,-1
139153,2023,0,-1
213774,2023,1,85
242680,2023,0,-1
482422,2023,0,-1
456454,2023,0,-1
461759,2023,0,-1
195191,2023,1,15
216083,2023,0,-1
123280,2023,1,48
447351,2023,0,-1
493822,2023,0,-1
455433,2023,0,-1
190071,2023,0,-1
459514,2023,0,-1
169363,2023,1,480
210599,2023,0,-1
148575,2023,1,73
247162,2023,0,-1
242617,2023,1,390
190451,2023,0,-1
209241,2023,1,125
445203,2023,0,-1
124487,2023,0,-1
456481,2023,0,-1
145886,2023,0,-1
450298,2023,0,-1
373085,2023,0,-1
497125,2023,0,-1
147536,2023,0,-1
482653,2023,0,-1
491817,2023,0,-1
439570,2023,0,-1
496186,2023,0,-1
363712,2023,1,70
432384,2023,0,-1
213303,2023,1,394
450571,2023,0,-1
412599,2023,0,-1
466921,2023,0,-1
430184,2023,0,-1
495147,2023,0,-1
474863,2023,0,-1
448372,2023,0,-1
382957,2023,0,-1
420705,2023,0,-1
134510,2023,1,120
439367,2023,0,-1
381459,2023,0,-1
439446,2023,0,-1
456977,2023,0,-1
422020,2023,0,-1
486488,2023,0,-1
242130,2023,0,-1
487658,2023,0,-1
205179,2023,0,-1
190114,2023,0,-1
492069,2023,1,100
487302,2023,0,-1
494588,2023,0,-1
142090,2023,1,100
192624,2023,1,40
448600,2023,0,-1
249609,2023,0,-1
199698,2023,1,642
204884,2023,0,-1
181145,2023,0,-1
119775,2023,0,-1
214944,2023,1,16
432524,2023,1,83
180878,2023,0,-1
366261,2023,0,-1
145497,2023,1,120
105899,2023,1,650
458919,2023,0,-1
197674,2023,1,200
461643,2023,0,-1
496043,2023,0,-1
232618,2023,0,-1
236212,2023,0,-1
443784,2023,0,-1
192961,2023,0,-1
445249,2023,0,-1
491446,2023,0,-1
461485,2023,0,-1
492209,2023,0,-1
455099,2023,1,70
233611,2023,1,623
143297,2023,0,-1
193894,2023,0,-1
439020,2023,0,-1
497213,2023,1,44
461139,2023,0,-1
484631,2023,0,-1
482413,2023,0,-1
450058,2023,0,-1
482459,2023,0,-1
188915,2023,0,-1
482556,2023,0,-1
451857,2023,0,-1
446163,2023,0,-1
111638,2023,0,-1
233480,2023,0,-1
242653,2023,1,420
495059,2023,0,-1
497000,2023,0,-1
440749,2023,0,-1
241793,2023,0,-1
445869,2023,0,-1
241216,2023,0,-1
498100,2023,0,-1
480204,2023,0,-1
404222,2023,1,112
123095,2023,0,-1
231554,2023,1,420
444811,2023,0,-1
455770,2023,1,250
106546,2023,0,-1
460677,2023,0,-1
498030,2023,0,-1
188687,2023,0,-1
442444,2023,0,-1
189228,2023,0,-1
112570,2023,0,-1
111045,2023,0,-1
484871,2023,1,60
149763,2023,0,-1
497824,2023,0,-1
457402,2023,0,-1
420042,2023,0,-1
135364,2023,0,-1
461795,2023,1,198
133872,2023,1,174
485403,2023,0,-1
494807,2023,0,-1
482547,2023,0,-1
443340,2023,0,-1
449135,2023,0,-1
164614,2023,1,81
216542,2023,1,629
245838,2023,0,-1
481058,2023,0,-1
498085,2023,0,-1
484710,2023,0,-1
490504,2023,1,40
438179,2023,0,-1
404055,2023,0,-1
414939,2023,0,-1
491181,2023,0,-1
461014,2023,0,-1
451741,2022,0,-1
452948,2023,0,-1
241395,2023,0,-1
406033,2023,0,-1
444088,2023,0,-1
155636,2023,0,-1
243586,2023,0,-1
475228,2023,0,-1
182917,2023,1,120
406024,2023,0,-1
489858,2023,0,-1
458210,2023,0,-1
475273,2023,0,-1
475200,2023,0,-1
376224,2023,0,-1
215813,2023,1,80
480569,2023,0,-1
460349,2023,0,-1
458229,2023,0,-1
441052,2023,0,-1
154022,2023,0,-1
455664,2023,0,-1
482705,2023,1,627
486938,2023,0,-1
192785,2023,0,-1
490601,2022,0,-1
110060,2023,0,-1
445267,2023,0,-1
493619,2023,0,-1
460871,2023,0,-1
442639,2023,0,-1
454582,2023,0,-1
184694,2023,1,1570
195173,2023,1,320
487603,2023,0,-1
180258,2023,1,310
459851,2023,0,-1
488679,2023,0,-1
461689,2023,0,-1
482431,2023,0,-1
466930,2023,0,-1
486947,2023,0,-1
132879,2023,1,221
241386,2023,0,-1
460136,2023,0,-1
489353,2023,0,-1
155308,2023,1,89
450933,2023,0,-1
421841,2023,0,-1
401250,2023,0,-1
111391,2023,0,-1
433420,2023,1,221
195784,2023,0,-1
108232,2023,1,1488
125231,2023,0,-1
195234,2023,1,973
237996,2023,0,-1
437325,2021,0,-1
241100,2023,0,-1
206817,2023,1,75
441131,2023,0,-1
414878,2023,0,-1
176600,2023,0,-1
422695,2023,0,-1
211024,2023,1,558
191621,2023,1,300
121628,2023,1,38
439738,2023,0,-1
123448,2023,0,-1
440794,2023,0,-1
454245,2023,0,-1
235024,2023,1,378
433536,2023,0,-1
492759,2023,0,-1
372921,2023,0,-1
377652,2023,0,-1
201867,2023,0,-1
492449,2023,0,-1
483595,2023,0,-1
146755,2023,0,-1
421513,2023,0,-1
189811,2023,0,-1
494162,2023,0,-1
404338,2023,0,-1
210304,2023,1,218
211477,2023,1,321
192271,2023,1,384
109040,2023,0,-1
243841,2023,0,-1
485139,2021,0,-1
489344,2023,0,-1
405058,2023,1,212
368629,2023,0,-1
186283,2023,1,2409
155283,2023,0,-1
184603,2023,1,991
211130,2023,0,-1
448433,2023,0,-1
213367,2023,1,1700
127945,2023,0,-1
438586,2023,0,-1
206932,2023,0,-1
482477,2023,0,-1
232797,2023,0,-1
169761,2023,0,-1
195155,2023,0,-1
131803,2023,0,-1
441423,2023,0,-1
460020,2023,0,-1
194073,2023,1,75
129534,2023,1,120
190956,2023,0,-1
454227,2023,0,-1
241836,2023,0,-1
119270,2023,0,-1
456038,2023,0,-1
177278,2023,1,52
488004,2023,0,-1
153977,2023,0,-1
487311,2023,0,-1
476948,2021,0,-1
442602,2023,0,-1
142887,2023,0,-1
447768,2023,0,-1
487597,2023,0,-1
404912,2023,0,-1
460181,2023,0,-1
494250,2023,0,-1
244233,2023,0,-1
144351,2023,1,651
140340,2023,0,-1
141644,2023,1,712
222877,2023,1,180
203289,2023,0,-1
457226,2023,0,-1
445027,2023,0,-1
367361,2023,0,-1
495420,2023,0,-1
120795,2023,1,40
192749,2023,1,988
173957,2023,0,-1
495439,2023,0,-1
179317,2023,0,-1
163532,2023,1,360
426314,2023,0,-1
