old_rank,unitid,inst_name,state_abbr
1,464226,Ottawa University-Surprise,AZ
2,215813,Saint Vincent Seminary,PA
3,184694,Fairleigh Dickinson University-Florham Campus,NJ
4,159948,New Orleans Baptist Theological Seminary,LA
5,164614,Boston Baptist College,MA
6,112394,University of Silicon Valley,CA
7,211477,Central Penn College,PA
8,238193,Alverno College,WI
9,148016,Principia College,IL
10,207254,Spartan College of Aeronautics and Technology,OK
11,225876,Jacksonville College-Main Campus,TX
12,179894,Webster University,MO
13,166911,Montserrat College of Art,MA
14,112084,San Diego Christian College,CA
15,148487,Roosevelt University,IL
16,193973,Niagara University,NY
17,193308,Monroe University,NY
18,237783,Salem University,WV
19,141644,Hawaii Pacific University,HI
20,169479,Davenport University,MI
21,130183,Post University,CT
22,238078,Wheeling University,WV
23,102298,Talladega College,AL
24,197045,Utica University,NY
25,167677,Saint John's Seminary,MA
26,144351,Concordia University-Chicago,IL
27,106306,Arkansas Baptist College,AR
28,213303,Keystone College,PA
29,228486,Southwestern Christian College,TX
30,489937,Carolina University,NC
31,191621,Hilbert College,NY
32,199458,Mid-Atlantic Christian University,NC
33,184603,Fairleigh Dickinson University-Metropolitan Campus,NJ
34,126076,Yeshiva Ohr Elchonon Chabad West Coast Talmudical Seminary,CA
35,153861,Maharishi International University,IA
36,225575,Huston-Tillotson University,TX
37,170000,Grace Christian University,MI
38,363934,University of Advancing Technology,AZ
39,204617,Ohio Dominican University,OH
40,145619,Benedictine University,IL
41,117104,Life Pacific University,CA
42,199643,Shaw University,NC
43,242653,Inter American University of Puerto Rico-Metro,PR
44,213358,La Roche University,PA
45,123280,Shasta Bible College and Graduate School,CA
46,145372,Greenville University,IL
47,140720,Paine College,GA
48,217925,Columbia International University,SC
49,219833,Christian Brothers University,TN
50,154493,Upper Iowa University,IA
