unitid,library_name,library_url,special_collections,special_collections_url,contact_name,contact_role,contact_email,contact_phone,contact_url,fallback_label,fallback_name,fallback_role,fallback_email,fallback_phone,fallback_url,collections_sources,physical_books_override,physical_books_source,physical_books_source_url
215813,Dale P. Latimer Library,https://stvincent.libguides.com/library,"Rare Books Gallery in the Verostko Center, with handwritten manuscripts to the 14th century and incunabula from the mid-15th century, plus books by monks, faculty, and alumni. The college library page also describes rare books in a climate-controlled vault, Pennsylvania and Benedictina collections, and the Saint Vincent Archives.",https://stvincent.libguides.com/lib/Special_Collections,,Library general contact (no director name published),latimerlibrary@stvincent.edu,724-805-2966,https://stvincent.libguides.com/library,College main office,,,,724-532-6600,https://www.stvincent.edu/academics/academic-support-and-resources/latimer-library.html,https://stvincent.libguides.com/lib/Special_Collections | https://www.stvincent.edu/academics/academic-support-and-resources/latimer-library.html,,,
164614,Research Library,https://www.boston.edu/library,No special collections found. URL checked: https://www.boston.edu/library,https://www.boston.edu/library,Fred Tatro,Namesake who manages the library,info@boston.edu,(617) 364-3510,https://www.boston.edu/library,,,,,,,https://www.boston.edu/library,,,
112394,Learning Resource Center,https://usv.edu/student-life/resources,No special collections found. URLs checked: https://usv.edu/student-life/resources; https://usv.libguides.com/; https://scelc.org/az/university-of-silicon-valley,https://usv.edu/student-life/resources,,Library general contact (phone on the SCELC member listing),library@usv.edu,(408) 498-5158,https://usv.edu/student-life/resources,,,,,,,https://usv.edu/student-life/resources | https://usv.libguides.com/ | https://scelc.org/az/university-of-silicon-valley,,,
211477,"Charles ""T"" Jones Leadership Library",https://www.centralpenn.edu/library/,"Law Library, Bollinger Hall, Room 48.",https://www.centralpenn.edu/library/,Margaret Schachte,Library Director,margaretschachte@centralpenn.edu,717-728-2249,https://www.centralpenn.edu/library/,,,,,,,https://www.centralpenn.edu/library/,,,
238193,Alverno College Library,https://www.alverno.edu/library,The library navigation lists an Archives section. The archives URL did not publish a separate holdings description. URLs checked: https://www.alverno.edu/library; https://www.alverno.edu/library/archives; https://www.alverno.edu/library/about,https://www.alverno.edu/library/archives,,Librarian (name not published); Circulation Desk Supervisor also listed,library@alverno.edu,(414) 382-6433,https://www.alverno.edu/library/about,,,,,,,https://www.alverno.edu/library | https://www.alverno.edu/library/archives | https://www.alverno.edu/library/about,,,
207254,Tulsa Learning Resource Center,https://www.spartan.edu/tulsa/library-learning-resource-center/,"No special collections found. The Tulsa library page lists professional journals, magazines, videos, CDs, DVDs, and other materials. URL checked: https://www.spartan.edu/tulsa/library-learning-resource-center/",https://www.spartan.edu/tulsa/library-learning-resource-center/,,Phone listed on the Tulsa library page (no director name published),,918-836-6886,https://www.spartan.edu/tulsa/library-learning-resource-center/,,,,,,,https://www.spartan.edu/tulsa/library-learning-resource-center/,,,
225876,Jacksonville College Library,https://www.jacksonvillecollege.edu/library/,"In-house archive materials (non-circulating), alongside fiction, nonfiction, reference, periodicals, and textbooks.",https://www.jacksonvillecollege.edu/library/,Tori Finck,Director of Library Services and TLC,library@jacksonvillecollege.edu,903.589.7111,https://www.jacksonvillecollege.edu/library/,,,,,,,https://www.jacksonvillecollege.edu/library/ | https://www.jacksonvillecollege.edu/teaching-learning-center/,,,
179894,Webster University Library,https://library.webster.edu/about,"Archives and Special Collections. JP Majors is Instruction Librarian and University Archivist (314-246-7818, jonathanmajors64@webster.edu).",https://library.webster.edu/about,Eileen Condon,Dean of University Libraries,econdon@webster.edu,314-246-7954,https://library.webster.edu/about/staff-directory,,,,,,,https://library.webster.edu/about | https://library.webster.edu/about/staff-directory,,,
166911,Paul M. Scott Library,https://www.montserrat.edu/life-at-montserrat/library/,"Print Archive of over 11,000 art books and 30 periodical subscriptions.",https://www.montserrat.edu/life-at-montserrat/library/,Catherine Robertson,Assistant Dean of Libraries and Learning,catherine.robertson@montserrat.edu,978.921.4242 x1208,https://www.montserrat.edu/life-at-montserrat/library/,,,,,,,https://www.montserrat.edu/life-at-montserrat/library/,,,
112084,San Diego Christian College Library,http://sdcc.edu/library/,No special collections found. URLs checked: http://sdcc.edu/library/; https://library.sdcc.edu/; https://sdcc.edu/contact-us/,http://sdcc.edu/library/,,College office (no library director published; library page requires a login),,619.201.8700,https://sdcc.edu/contact-us/,,,,,,,http://sdcc.edu/library/ | https://library.sdcc.edu/ | https://sdcc.edu/contact-us/,,,
148487,Murray-Green Library,https://www.roosevelt.edu/library,"University Archives. Paper archives are in the Auditorium Building, 11th floor, and in Schaumburg campus archive rooms. Digital items are on CARLI Digital Collections and Explore Chicago Collections. Claire Hubble is the archives contact (email form; no address published).",https://libguides.roosevelt.edu/archives,Robin Hofstetter,Executive Director of Libraries and Academic Support,rhofstetter@roosevelt.edu,312-341-2125,https://www.roosevelt.edu/library/about,,,,,,,https://libguides.roosevelt.edu/archives | https://www.roosevelt.edu/library/about,,,
119058,Middlebury Institute Library,https://www.middlebury.edu/institute/academics/library,No special collections found. URL checked: https://www.middlebury.edu/institute/academics/library,https://www.middlebury.edu/institute/academics/library,,Circulation desk (no director name published),library@middlebury.edu,831-647-4133,https://www.middlebury.edu/institute/academics/library,,,,,,,https://www.middlebury.edu/institute/academics/library,,,
193973,Niagara University Library,https://library.niagara.edu/,"Archives and Rare Book Collections, available by appointment. The archives hold official and unofficial records of Niagara University history. A Rare Book Room is also listed.",https://library.niagara.edu/specialcoll,David Schoen,Director of Libraries,,716.286.8002,https://library.niagara.edu/librarystaff,,,,,,,https://library.niagara.edu/specialcoll | https://library.niagara.edu/archives | https://library.niagara.edu/librarystaff,,,
193308,Monroe University Libraries,https://monroeuniversity.libguides.com/home,No special collections found. URL checked: https://monroeuniversity.libguides.com/home,https://monroeuniversity.libguides.com/home,Chanté Hope,Director of Library Services,library@monroeu.edu,,https://monroeuniversity.libguides.com/home,,,,,,,https://monroeuniversity.libguides.com/home,,,
237783,Benedum Library,https://www.salemu.edu/library/,"Partial U.S. government documents depository, with the library's book and audiovisual collections.",https://www.salemu.edu/library/,,Library general contact (no director name published),library@salemu.edu,304-326-1238,https://www.salemu.edu/library/,,,,,,,https://www.salemu.edu/library/,,,
141644,Hawaii Pacific University Libraries,https://hpu.libguides.com/,The library guide index lists an Arts and Artifact Collections guide. URL checked: https://hpu.libguides.com/,https://hpu.libguides.com/,,Library general contact (no director name published),library@hpu.edu,,https://hpu.libguides.com/,,,,,,,https://hpu.libguides.com/,,,
169479,Margaret D. Sneden Digital Library,https://www.davenport.edu/Library,University Archives is linked from the library portal. Holdings are not described on that page. URL checked: https://my.davenport.edu/library,https://my.davenport.edu/library,,Library text line (no director name published),,(616) 504-1696,https://my.davenport.edu/library,University main office,,,info@davenport.edu,1.866.925.3884,https://www.davenport.edu/Library,https://my.davenport.edu/library | https://www.davenport.edu/Library,16504,"IPEDS Academic Libraries 2021, the latest survey year with a reported physical count",
130183,Traurig Library,https://post.edu/student-services/library/,"Government documents repository, specialized legal reference, and a unique equine management print and media collection. The page also reports over 13,300 print books and 1,265 media items.",https://post.edu/student-services/library/,,Library general contact (no director name published),library@post.edu,203.596.4560,https://post.edu/student-services/library/,Provost's office,Mary Carr,Chief Academic Officer and Provost,,,https://post.edu/about/mission-and-leadership/,https://post.edu/student-services/library/,,,
238078,Bishop Hodges Library,https://libguides.wju.edu/BHLHome,No special collections found. URL checked: https://libguides.wju.edu/BHLHome,https://libguides.wju.edu/BHLHome,,Library general contact (no director name published),library@wheeling.edu,304-243-2226,https://libguides.wju.edu/BHLHome,,,,,,,https://libguides.wju.edu/BHLHome,,,
102298,Savery Library,https://library.talladega.edu/,"Rare books (a public list was not yet posted) and the Galangue artifacts, items from Angola and Nigeria brought back by missionaries supported by the college, including tools, decorative items, and statues. Archives contact: tcarchives@talladega.edu, 256-761-6441.",https://library.talladega.edu/archives-and-special-collections/special-collections,Allen McQueen,Library Director,amcqueen@talladega.edu,256-761-6103,https://library.talladega.edu/allen-mcqueen,,,,,,,https://library.talladega.edu/archives-and-special-collections/special-collections | https://library.talladega.edu/allen-mcqueen,,,
197045,Frank E. Gannett Library,https://www.utica.edu/academic/library/contact.cfm,Utica University Archives; Association of Child Life Professionals Archives; Jocelyn Romano Candido Rare Book Collection; Walter D. Edmonds Collection; Harry F. Jackson Welsh Collection.,https://www.utica.edu/academic/library/aboutlib/collections.cfm,,Library general contact (no director name published),library@utica.edu,(315) 792-3041,https://www.utica.edu/academic/library/contact.cfm,,,,,,,https://www.utica.edu/academic/library/aboutlib/collections.cfm | https://www.utica.edu/academic/library/contact.cfm,,,
167677,Saint John's Seminary Library,https://www.sjs.edu/library,"Creagh Collection of works on Canon Law (Msgr. John T. Creagh, class of 1895). The collection is incorporated into the Boston College Theology and Ministry Library and remains under a Director of the Saint John's Seminary Library Collection appointed by the Rector; that director's name is not published on the library page.",https://www.sjs.edu/library,,Seminary campus phone (library director name not published),,617-254-2610,https://www.sjs.edu/library,,,,,,,https://www.sjs.edu/library,172000,"Seminary library page: more than 172,000 volumes",https://www.sjs.edu/library
144351,Klinck Memorial Library,https://www.cuchicago.edu/academics/academic-resources/library/about-the-library/,"University Archives, on the lower level of the library.",https://www.cuchicago.edu/academics/academic-resources/library/about-the-library/,Liesl Cottrell,Director of the University Library,Liesl.Cottrell@cuchicago.edu,708-209-3053,https://www.cuchicago.edu/academics/academic-resources/library/about-the-library/,,,,,,,https://www.cuchicago.edu/academics/academic-resources/library/about-the-library/,,,
106306,J.C. Oliver Library,https://www.arkansasbaptist.edu/academics/library,Special collections and legal documents. No size is stated.,https://www.arkansasbaptist.edu/academics/library,Jacqueline McGehee,Library Director,jacqueline.mcgehee@arkansasbaptist.edu,501-420-1252,https://www.arkansasbaptist.edu/academics/library,,,,,,,https://www.arkansasbaptist.edu/academics/library,,,
213303,Miller Library,https://millerlibrary.keystone.edu/staff,No special collections found. URLs checked: https://millerlibrary.keystone.edu/staff; https://www.keystone.edu/venue/miller-library/,https://millerlibrary.keystone.edu/staff,Mari Flynn,Director of Miller Library (staff page lists extension 8332),mari.flynn@keystone.edu,570-945-8335,https://www.keystone.edu/2024/05/09/keystone-college-miller-library-to-hold-discount-book-sale/,,,,,,,https://millerlibrary.keystone.edu/staff | https://www.keystone.edu/venue/miller-library/ | https://www.keystone.edu/department-directory/ | https://www.keystone.edu/2024/05/09/keystone-college-miller-library-to-hold-discount-book-sale/,,,
228486,Doris Johnson Library,https://www.swcc.edu/doris-johnson-library,"Extensive Bible and Religious Studies holdings, and an African American Studies Collection. The library page reports over 26,000 volumes and subscriptions to over 190 magazines, journals, and newspapers.",https://www.swcc.edu/doris-johnson-library,Shirley Hudson,Librarian,shirley.hudson@swcc.edu,(972) 524-3341,https://www.swcc.edu/directory,,,,,,,https://www.swcc.edu/doris-johnson-library | https://www.swcc.edu/directory,,,
489937,George M. Manuel Library,https://library.carolinau.edu,No special collections found. URL checked: https://library.carolinau.edu,https://library.carolinau.edu,,Library general contact (no director name published),library@carolinau.edu,336-714-7894,https://library.carolinau.edu,,,,,,,https://library.carolinau.edu,,,
191621,McGrath Library,https://www.hilbert.edu/academics/advising-services/library/,No special collections found. URL checked: https://www.hilbert.edu/academics/advising-services/library/,https://www.hilbert.edu/academics/advising-services/library/,,Library general contact (no director name published),askus@hilbert.edu,,https://www.hilbert.edu/academics/advising-services/library/,,,,,,,https://www.hilbert.edu/academics/advising-services/library/,,,
199458,Watson-Griffith Library,https://macuniversity.libguides.com/homepage,No special collections found. URL checked: https://macuniversity.libguides.com/homepage,https://macuniversity.libguides.com/homepage,Evan Wooten,Library Director,evan.wooten@macuniversity.edu,252-334-2000 ext. 2057,https://macuniversity.libguides.com/homepage,,,,,,,https://macuniversity.libguides.com/homepage,,,
184603,Metropolitan Campus Library,https://www.fdu.edu/academics/library-2-2/,"Gehl collection of psychoanalytic materials and the Columbia film archives, plus a digital collection from the university archives.",https://www.fdu.edu/academics/library-2-2/,Ana Fontoura,University Librarian,afontoura@fdu.edu,201-692-2276,https://library.fdu.edu/staff,,,,,,,https://www.fdu.edu/academics/library-2-2/ | https://library.fdu.edu/staff,,,
126076,Talmudic Library,https://www.yoec.edu/,"The 2019 BPPE annual report describes the Talmudic Library as holding Bible, Talmud, codes, responsa, ethical and philosophical works, liturgy, Hebrew, and a complete collection of Chabad works. URL checked: https://bppe.ca.gov/webapplications/annualReports/2019/document/f134750b-834a-4bab-ab02-2ddc10624f73",https://bppe.ca.gov/webapplications/annualReports/2019/document/f134750b-834a-4bab-ab02-2ddc10624f73,,College main office (no library director published),info@yoec.edu,(323) 937-3763,https://www.yoec.edu/,,,,,,,https://bppe.ca.gov/webapplications/annualReports/2019/document/f134750b-834a-4bab-ab02-2ddc10624f73 | https://www.yoec.edu/,,,
153861,Maharishi International University Library,https://library.miu.edu/,"Special Collections and Archives. The section links archives, the International Journal of Mathematics and Consciousness, JMVRI, and Vedic science materials. Holdings size is not stated.",https://library.miu.edu/special-collections-and-archives/,Rouzanna Vardanyan,Head Librarian,library@miu.edu,641-472-1154,https://library.miu.edu/library-staff/,,,,,,,https://library.miu.edu/special-collections-and-archives/ | https://library.miu.edu/library-staff/,,,
225575,Downs-Jones Library,https://htu.edu/academics/library/about-the-library/staff/,University Archives. Qiuying Chen is University Archivist (qchen@htu.edu). The staff page also publishes archives@htu.edu. Holdings size is not stated.,https://htu.edu/academics/library/about-the-library/staff/,Dr. Cynthia J. Charles,Director of Library and Media Services,ccharles@htu.edu,512.505.3051,https://htu.edu/academics/library/about-the-library/staff/,,,,,,,https://htu.edu/academics/library/about-the-library/staff/,,,
170000,Bultema Memorial Library,https://gracechristian.edu/campus-community/student-resources/campus-facilities/,"A handwritten Torah scroll by one scribe, about 1790, reported on display weekdays from 8 a.m. to 4 p.m. in the Jacob and Henrietta Molenkamp reading room.",https://www.woodtv.com/news/kent-county/centuries-old-torah-on-display-at-local-college/,Jeff Brodrick,Library Director,,,https://www.woodtv.com/news/kent-county/centuries-old-torah-on-display-at-local-college/,,,,,,,https://www.woodtv.com/news/kent-county/centuries-old-torah-on-display-at-local-college/,,,
363934,,https://www.uat.edu/,No special collections found. URLs checked: https://www.uat.edu/; https://www.uat.edu/about/leadership (not found),https://www.uat.edu/,,College main phone (no library page found),,(602) 383-8245,https://www.uat.edu/,,,,,,,https://www.uat.edu/ | https://www.uat.edu/about/leadership,,,
204617,Spangler Library,https://www.ohiodominican.edu/library/index.html,No special collections found. URL checked: https://www.ohiodominican.edu/library/index.html,https://www.ohiodominican.edu/library/index.html,,Library general contact (no director name published),ODULibrary@ohiodominican.edu,(614) 251-4752,https://www.ohiodominican.edu/library/index.html,,,,,,,https://www.ohiodominican.edu/library/index.html,,,
145619,Benedictine University Library,https://ben.edu/academics/library/,University Archives and Special Collections. Archives phone (630) 829-6064; archives@ben.edu.,https://ben.edu/academics/library/,,Library general contact (no dean name published),libref@ben.edu,(630) 829-6050,https://ben.edu/academics/library/,,,,,,,https://ben.edu/academics/library/,,,
117104,Life Pacific University Library,https://lifepacific.edu/directory-department/library/,No special collections found. URL checked: https://lifepacific.edu/directory-department/library/,https://lifepacific.edu/directory-department/library/,Joshua Ortega,Director of Library Services,jortega@lifepacific.edu,(909) 599-5433 ext 351,https://lifepacific.edu/directory-department/library/,,,,,,,https://lifepacific.edu/directory-department/library/,,,
199643,James E. Cheek Learning Resources Center,https://shawu.libguides.com/,"Shaw University Archives Collection, on the 1st floor of the Cheek center. University Archivist Marie Stark, 919-546-8202 (email form; no address published).",https://shawu.libguides.com/archives,Marie Stark,University Archivist,,919-546-8202,https://shawu.libguides.com/archives,,,,,,,https://shawu.libguides.com/archives | https://shawu.libguides.com/,,,
464226,Gangwish Library,https://ottawa.libguides.com/,"Ottawa University Archives (also called Myers Library's Archival Collection): published books on Ottawa University history, yearbooks, catalogs, alumni directories, newspapers, and artifact collections. These are the parent university's archives.",https://ottawa.libguides.com/archives,Danielle O'Barto,Librarian listed on the Gangwish Library guides,danielle.obarto@ottawa.edu,,https://ottawa.libguides.com/,,,,,,,https://ottawa.libguides.com/archives | https://ottawa.libguides.com/,,,
242653,Centro de Acceso a la Información,https://metro.inter.edu/centro-acceso-informacion/,Colecciones Puertorriqueñas (books about Puerto Rico and by Puerto Rican authors) in the Sala de Colecciones Especiales; Colección Amaury Veray (books and scores from the composer's personal collection). The Sala Virtual Federico Degetau y González includes a thematic collection.,https://metro.inter.edu/centro-acceso-informacion/,María de Lourdes Resto Ortiz,Directora,mresto@metro.inter.edu,787 250-1912 Ext. 2160,https://metro.inter.edu/centro-acceso-informacion/,,,,,,,https://metro.inter.edu/centro-acceso-informacion/,,,
213358,John J. Wright Library,https://library.laroche.edu/,The library publishes an Archives section (Archives - A State of the Art Facility). Holdings are not described on the page.,https://library.laroche.edu/archives/,,Library general contact (no director name published),WrightLibrary@LaRoche.edu,412-536-1064,https://library.laroche.edu/,,,,,,,https://library.laroche.edu/archives/ | https://library.laroche.edu/,,,
123280,Shasta Bible College Library,https://www.shasta.edu/library.html,No special collections found. URL checked: https://www.shasta.edu/library.html,https://www.shasta.edu/library.html,Virginia Williams,Librarian,vwilliams@shasta.edu,(530)-221-4275,https://www.shasta.edu/library.html,,,,,,,https://www.shasta.edu/library.html,,,
145372,Ruby E. Dare Library,https://greenville.libguides.com/Library,No special collections description found. The guide lists a Tax Forms and Archives label without holdings. URL checked: https://greenville.libguides.com/Library,https://greenville.libguides.com/Library,,Library general contact (no director name published),libref@greenville.edu,618-664-6599,https://greenville.libguides.com/Library,Provost's office,Ben Wayman,Provost,,,https://www.greenville.edu/directory,https://greenville.libguides.com/Library | https://www.greenville.edu/directory,,,
140720,Collins-Callaway Library,https://paine.edu/academics/offices/library/,"Archives in the P. Randolph Shy Room, second floor: official records, photographs, clippings, correspondence, recordings, publications, artifacts, and Augusta African American community items, available by appointment. Categories listed: Artifacts, Audio, Books, Digital, Manuscript. Also an African American collection and Paine College Digital Collections, including Saving the Voices from Augusta's Past. No size is stated.",https://paine.edu/academics/offices/library/special-collections/,Alana Lewis,"Director of Library, Learning Resource Center",Alewis@paine.edu,(706) 821-8361,https://paine.edu/academics/offices/library/,,,,,,,https://paine.edu/academics/offices/library/special-collections/ | https://paine.edu/academics/offices/library/,,,
495280,Gordon Fraser Learning Resource Center,https://indigenousbible.edu/academics/lrc/,"No named special collection or archive found. The learning resource center describes a teaching collection for curricular, research, and spiritual needs. URLs checked: https://indigenousbible.edu/academics/lrc/; https://indigenousbible.edu/about-ibc/staff-directory/",https://indigenousbible.edu/academics/lrc/,Kelly Johnson,LRC Director,kjohnson@indianbible.org,928-774-3890 ext. 320,https://indigenousbible.edu/academics/lrc/,,,,,,,https://indigenousbible.edu/academics/lrc/ | https://indigenousbible.edu/about-ibc/staff-directory/,,,
217925,G. Allen Fleece Library,https://lib.ciu.edu/,No special collections found. URL checked: https://lib.ciu.edu/,https://lib.ciu.edu/,,Library general contact (no director name published),ask@ciu.libanswers.com,(803) 807-5109,https://lib.ciu.edu/,,,,,,,https://lib.ciu.edu/,,,
219833,Plough Library,https://www.cbu.edu/library/about-the-library/,"Periodicals and archives are assigned to a library staff member (Maddie Smith, Library Assistant, Periodicals and Archives). Holdings are not described.",https://www.cbu.edu/library/about-the-library/,William Brandon,Library Director,,,https://www.cbu.edu/library/about-the-library/,University main office,,,info@cbu.edu,(901) 321-3000,https://www.cbu.edu/library/about-the-library/,https://www.cbu.edu/library/about-the-library/,,,
154493,Henderson-Wilder Library,https://uiu.libguides.com/,No special collections found. URL checked: https://uiu.libguides.com/,https://uiu.libguides.com/,Katie Brooks and Jeff Childs,Librarians listed on the guides,library@uiu.edu,,https://uiu.libguides.com/,,,,,,,https://uiu.libguides.com/,,,
494685,David K. Bernard Library,https://urshan.edu/library,"No special collections found. The library page describes a general theological, biblical, and academic collection and online resources through EBSCOhost and MOREnet. URL checked: https://urshan.edu/library",https://urshan.edu/library,,Library general contact (no director name published),libraryclerk@urshan.edu,(314) 838-8858,https://urshan.edu/library,,,,,,,https://urshan.edu/library,,,
