state_abbr,year,hs_graduates
AK,2009,8197.0
AK,2010,8442.0
AK,2011,8282.0
AK,2012,8158.0
AK,2013,8058.0
AK,2014,7855.0
AK,2015,8470.0
AK,2016,8295.0
AK,2017,8527.0
AK,2018,8589.0
AK,2019,8612.0
AK,2020,8108.0
AK,2021,8174.0
AK,2022,8150.0
AK,2023,8328.0
AK,2024,8502.0
AK,2025,8722.0
AK,2026,8879.0
AK,2027,8956.0
AK,2028,8728.0
AK,2029,8876.0
AK,2030,8878.0
AK,2031,8855.0
AK,2032,8983.0
AK,2033,8850.0
AK,2034,9008.0
AK,2035,8334.0
AK,2036,8008.0
AK,2037,7806.0
AK,2038,7527.0
AK,2039,7462.0
AK,2040,7449.0
AK,2041,7170.0
AL,2009,47359.0
AL,2010,48128.0
AL,2011,50756.0
AL,2012,50137.0
AL,2013,48998.0
AL,2014,50745.0
AL,2015,50738.0
AL,2016,51976.0
AL,2017,54540.0
AL,2018,55331.0
AL,2019,52925.0
AL,2020,54466.0
AL,2021,53739.0
AL,2022,52181.0
AL,2023,52954.0
AL,2024,52615.0
AL,2025,55021.0
AL,2026,55546.0
AL,2027,54669.0
AL,2028,53629.0
AL,2029,52987.0
AL,2030,52926.0
AL,2031,52747.0
AL,2032,53246.0
AL,2033,54537.0
AL,2034,56906.0
AL,2035,55235.0
AL,2036,54033.0
AL,2037,54927.0
AL,2038,54024.0
AL,2039,54607.0
AL,2040,54560.0
AL,2041,54262.0
AR,2009,29387.0
AR,2010,29569.0
AR,2011,29700.0
AR,2012,29965.0
AR,2013,30526.0
AR,2014,32498.0
AR,2015,32136.0
AR,2016,32612.0
AR,2017,33014.0
AR,2018,33531.0
AR,2019,34014.0
AR,2020,34604.0
AR,2021,33705.0
AR,2022,33693.0
AR,2023,33861.0
AR,2024,33580.0
AR,2025,36169.0
AR,2026,35867.0
AR,2027,35380.0
AR,2028,34501.0
AR,2029,34121.0
AR,2030,34255.0
AR,2031,34374.0
AR,2032,34456.0
AR,2033,34546.0
AR,2034,35598.0
AR,2035,34497.0
AR,2036,33987.0
AR,2037,33457.0
AR,2038,32236.0
AR,2039,33023.0
AR,2040,32539.0
AR,2041,32330.0
AZ,2009,65129.0
AZ,2010,63608.0
AZ,2011,67118.0
AZ,2012,66036.0
AZ,2013,65218.0
AZ,2014,65733.0
AZ,2015,68831.0
AZ,2016,73226.0
AZ,2017,75965.0
AZ,2018,76552.0
AZ,2019,77873.0
AZ,2020,77005.0
AZ,2021,74911.0
AZ,2022,76808.0
AZ,2023,82942.0
AZ,2024,84208.0
AZ,2025,85639.0
AZ,2026,85942.0
AZ,2027,84970.0
AZ,2028,83135.0
AZ,2029,83422.0
AZ,2030,84186.0
AZ,2031,85714.0
AZ,2032,88175.0
AZ,2033,87214.0
AZ,2034,89551.0
AZ,2035,85262.0
AZ,2036,84154.0
AZ,2037,82695.0
AZ,2038,80140.0
AZ,2039,81375.0
AZ,2040,81912.0
AZ,2041,81428.0
CA,2009,407566.0
CA,2010,441065.0
CA,2011,444848.0
CA,2012,452205.0
CA,2013,454826.0
CA,2014,456458.0
CA,2015,463893.0
CA,2016,468449.0
CA,2017,470869.0
CA,2018,478819.0
CA,2019,477479.0
CA,2020,467260.0
CA,2021,473448.0
CA,2022,492544.0
CA,2023,477531.0
CA,2024,480572.0
CA,2025,469214.0
CA,2026,466446.0
CA,2027,444238.0
CA,2028,445976.0
CA,2029,443486.0
CA,2030,435481.0
CA,2031,429038.0
CA,2032,423289.0
CA,2033,412692.0
CA,2034,407933.0
CA,2035,402356.0
CA,2036,387734.0
CA,2037,377402.0
CA,2038,355122.0
CA,2039,355743.0
CA,2040,355261.0
CA,2041,339022.0
CO,2009,50297.0
CO,2010,52149.0
CO,2011,53014.0
CO,2012,52793.0
CO,2013,53488.0
CO,2014,54164.0
CO,2015,54738.0
CO,2016,57414.0
CO,2017,58317.0
CO,2018,60962.0
CO,2019,61237.0
CO,2020,63204.0
CO,2021,64869.0
CO,2022,63277.0
CO,2023,64096.0
CO,2024,64439.0
CO,2025,65716.0
CO,2026,65391.0
CO,2027,63691.0
CO,2028,61712.0
CO,2029,61061.0
CO,2030,60300.0
CO,2031,59920.0
CO,2032,60568.0
CO,2033,59673.0
CO,2034,60923.0
CO,2035,59557.0
CO,2036,57987.0
CO,2037,57574.0
CO,2038,56270.0
CO,2039,57765.0
CO,2040,57315.0
CO,2041,56457.0
CT,2009,41201.0
CT,2010,40996.0
CT,2011,44813.0
CT,2012,44698.0
CT,2013,44797.0
CT,2014,45430.0
CT,2015,45097.0
CT,2016,44837.0
CT,2017,44726.0
CT,2018,45216.0
CT,2019,45222.0
CT,2020,44901.0
CT,2021,44540.0
CT,2022,44962.0
CT,2023,44185.0
CT,2024,44149.0
CT,2025,45634.0
CT,2026,44448.0
CT,2027,43502.0
CT,2028,42638.0
CT,2029,42437.0
CT,2030,42528.0
CT,2031,42391.0
CT,2032,42838.0
CT,2033,44273.0
CT,2034,45136.0
CT,2035,43091.0
CT,2036,42453.0
CT,2037,41920.0
CT,2038,41169.0
CT,2039,43898.0
CT,2040,43364.0
CT,2041,42405.0
DC,2009,4856.0
DC,2010,4927.0
DC,2011,4990.0
DC,2012,5524.0
DC,2013,5776.0
DC,2014,5085.0
DC,2015,4758.0
DC,2016,4654.0
DC,2017,4495.0
DC,2018,4757.0
DC,2019,4662.0
DC,2020,5077.0
DC,2021,5148.0
DC,2022,5190.0
DC,2023,5747.0
DC,2024,5919.0
DC,2025,6652.0
DC,2026,7252.0
DC,2027,7447.0
DC,2028,7818.0
DC,2029,8325.0
DC,2030,8699.0
DC,2031,8832.0
DC,2032,9013.0
DC,2033,9461.0
DC,2034,9282.0
DC,2035,9072.0
DC,2036,8780.0
DC,2037,8661.0
DC,2038,8487.0
DC,2039,8246.0
DC,2040,7694.0
DC,2041,7529.0
DE,2009,9756.0
DE,2010,9852.0
DE,2011,9817.0
DE,2012,10027.0
DE,2013,9857.0
DE,2014,9790.0
DE,2015,9470.0
DE,2016,9636.0
DE,2017,10138.0
DE,2018,10262.0
DE,2019,9861.0
DE,2020,10667.0
DE,2021,10644.0
DE,2022,11054.0
DE,2023,11178.0
DE,2024,11195.0
DE,2025,11939.0
DE,2026,11807.0
DE,2027,11980.0
DE,2028,12015.0
DE,2029,12152.0
DE,2030,12106.0
DE,2031,12228.0
DE,2032,12250.0
DE,2033,12544.0
DE,2034,13106.0
DE,2035,12597.0
DE,2036,12300.0
DE,2037,12206.0
DE,2038,12030.0
DE,2039,12191.0
DE,2040,12546.0
DE,2041,12087.0
FL,2009,171716.0
FL,2010,171236.0
FL,2011,175553.0
FL,2012,171711.0
FL,2013,177464.0
FL,2014,178850.0
FL,2015,186278.0
FL,2016,192110.0
FL,2017,203147.0
FL,2018,213187.0
FL,2019,215797.0
FL,2020,223891.0
FL,2021,217330.0
FL,2022,214692.0
FL,2023,221601.0
FL,2024,229700.0
FL,2025,234996.0
FL,2026,238645.0
FL,2027,234868.0
FL,2028,233367.0
FL,2029,242266.0
FL,2030,234121.0
FL,2031,230548.0
FL,2032,244711.0
FL,2033,244946.0
FL,2034,251173.0
FL,2035,251771.0
FL,2036,247888.0
FL,2037,245600.0
FL,2038,233691.0
FL,2039,241656.0
FL,2040,250989.0
FL,2041,247409.0
GA,2009,96325.0
GA,2010,99776.0
GA,2011,100099.0
GA,2012,99145.0
GA,2013,101782.0
GA,2014,103684.0
GA,2015,115326.0
GA,2016,117594.0
GA,2017,119403.0
GA,2018,121897.0
GA,2019,126126.0
GA,2020,124712.0
GA,2021,122695.0
GA,2022,126146.0
GA,2023,128074.0
GA,2024,127805.0
GA,2025,134031.0
GA,2026,132754.0
GA,2027,131302.0
GA,2028,128606.0
GA,2029,128523.0
GA,2030,127882.0
GA,2031,128105.0
GA,2032,129213.0
GA,2033,130036.0
GA,2034,133045.0
GA,2035,131414.0
GA,2036,128150.0
GA,2037,127884.0
GA,2038,123893.0
GA,2039,125906.0
GA,2040,127936.0
GA,2041,126851.0
HI,2009,14167.0
HI,2010,13692.0
HI,2011,13476.0
HI,2012,14047.0
HI,2013,13404.0
HI,2014,14201.0
HI,2015,14345.0
HI,2016,14411.0
HI,2017,14305.0
HI,2018,14706.0
HI,2019,14100.0
HI,2020,14567.0
HI,2021,14314.0
HI,2022,14206.0
HI,2023,14290.0
HI,2024,13852.0
HI,2025,14276.0
HI,2026,13929.0
HI,2027,11184.0
HI,2028,12996.0
HI,2029,12931.0
HI,2030,12650.0
HI,2031,12551.0
HI,2032,12179.0
HI,2033,11522.0
HI,2034,11664.0
HI,2035,11450.0
HI,2036,11042.0
HI,2037,10829.0
HI,2038,10170.0
HI,2039,10106.0
HI,2040,10063.0
HI,2041,9582.0
IA,2009,36175.0
IA,2010,36611.0
IA,2011,36060.0
IA,2012,35535.0
IA,2013,34951.0
IA,2014,35431.0
IA,2015,35403.0
IA,2016,35796.0
IA,2017,36080.0
IA,2018,36735.0
IA,2019,36359.0
IA,2020,37097.0
IA,2021,36521.0
IA,2022,36870.0
IA,2023,37780.0
IA,2024,38501.0
IA,2025,39747.0
IA,2026,39893.0
IA,2027,38907.0
IA,2028,38372.0
IA,2029,37578.0
IA,2030,38192.0
IA,2031,38836.0
IA,2032,39263.0
IA,2033,39403.0
IA,2034,39685.0
IA,2035,38769.0
IA,2036,38110.0
IA,2037,37864.0
IA,2038,36319.0
IA,2039,37086.0
IA,2040,36764.0
IA,2041,36299.0
ID,2009,17350.0
ID,2010,18415.0
ID,2011,18108.0
ID,2012,18193.0
ID,2013,17865.0
ID,2014,18304.0
ID,2015,17566.0
ID,2016,18199.0
ID,2017,18923.0
ID,2018,20130.0
ID,2019,20446.0
ID,2020,20809.0
ID,2021,21128.0
ID,2022,21457.0
ID,2023,22827.0
ID,2024,22611.0
ID,2025,23623.0
ID,2026,24058.0
ID,2027,24109.0
ID,2028,23992.0
ID,2029,24071.0
ID,2030,24257.0
ID,2031,24993.0
ID,2032,25434.0
ID,2033,26093.0
ID,2034,26317.0
ID,2035,25509.0
ID,2036,24759.0
ID,2037,25542.0
ID,2038,24895.0
ID,2039,25965.0
ID,2040,25888.0
ID,2041,25907.0
IL,2009,146777.0
IL,2010,152106.0
IL,2011,149458.0
IL,2012,153840.0
IL,2013,153256.0
IL,2014,154527.0
IL,2015,155799.0
IL,2016,152875.0
IL,2017,152142.0
IL,2018,152277.0
IL,2019,149373.0
IL,2020,150490.0
IL,2021,145439.0
IL,2022,148445.0
IL,2023,145564.0
IL,2024,141953.0
IL,2025,144561.0
IL,2026,138905.0
IL,2027,135221.0
IL,2028,129922.0
IL,2029,127932.0
IL,2030,124210.0
IL,2031,122102.0
IL,2032,122293.0
IL,2033,122392.0
IL,2034,123865.0
IL,2035,119005.0
IL,2036,115083.0
IL,2037,111000.0
IL,2038,105570.0
IL,2039,105039.0
IL,2040,101930.0
IL,2041,99067.0
IN,2009,68895.0
IN,2010,68295.0
IN,2011,71755.0
IN,2012,71029.0
IN,2013,71698.0
IN,2014,74383.0
IN,2015,74944.0
IN,2016,74729.0
IN,2017,75425.0
IN,2018,76144.0
IN,2019,78809.0
IN,2020,78348.0
IN,2021,74897.0
IN,2022,76628.0
IN,2023,76805.0
IN,2024,75827.0
IN,2025,78138.0
IN,2026,77246.0
IN,2027,75343.0
IN,2028,73888.0
IN,2029,72804.0
IN,2030,72817.0
IN,2031,71931.0
IN,2032,73251.0
IN,2033,72292.0
IN,2034,74084.0
IN,2035,72575.0
IN,2036,71801.0
IN,2037,70993.0
IN,2038,69054.0
IN,2039,70447.0
IN,2040,70118.0
IN,2041,69494.0
KS,2009,32534.0
KS,2010,33806.0
KS,2011,33630.0
KS,2012,34120.0
KS,2013,34106.0
KS,2014,33938.0
KS,2015,34632.0
KS,2016,34854.0
KS,2017,35438.0
KS,2018,35979.0
KS,2019,35923.0
KS,2020,36149.0
KS,2021,36624.0
KS,2022,36832.0
KS,2023,36985.0
KS,2024,37260.0
KS,2025,38361.0
KS,2026,37673.0
KS,2027,37481.0
KS,2028,37322.0
KS,2029,36377.0
KS,2030,36660.0
KS,2031,36398.0
KS,2032,36610.0
KS,2033,36015.0
KS,2034,36943.0
KS,2035,34967.0
KS,2036,34730.0
KS,2037,33768.0
KS,2038,32743.0
KS,2039,33213.0
KS,2040,32891.0
KS,2041,32554.0
KY,2009,45788.0
KY,2010,46722.0
KY,2011,47158.0
KY,2012,47107.0
KY,2013,47691.0
KY,2014,48215.0
KY,2015,48128.0
KY,2016,49244.0
KY,2017,49723.0
KY,2018,51210.0
KY,2019,51547.0
KY,2020,50879.0
KY,2021,49640.0
KY,2022,49328.0
KY,2023,50350.0
KY,2024,48954.0
KY,2025,51027.0
KY,2026,50499.0
KY,2027,49776.0
KY,2028,47639.0
KY,2029,47251.0
KY,2030,44440.0
KY,2031,47858.0
KY,2032,47908.0
KY,2033,47536.0
KY,2034,50393.0
KY,2035,48080.0
KY,2036,47537.0
KY,2037,46541.0
KY,2038,45395.0
KY,2039,46119.0
KY,2040,46069.0
KY,2041,45762.0
LA,2009,43758.0
LA,2010,44843.0
LA,2011,43352.0
LA,2012,44380.0
LA,2013,45410.0
LA,2014,45949.0
LA,2015,45784.0
LA,2016,47813.0
LA,2017,48989.0
LA,2018,52809.0
LA,2019,53334.0
LA,2020,52461.0
LA,2021,49777.0
LA,2022,49729.0
LA,2023,49128.0
LA,2024,49541.0
LA,2025,53263.0
LA,2026,53296.0
LA,2027,52573.0
LA,2028,50853.0
LA,2029,50697.0
LA,2030,50745.0
LA,2031,51293.0
LA,2032,52359.0
LA,2033,53540.0
LA,2034,56127.0
LA,2035,52289.0
LA,2036,50926.0
LA,2037,50354.0
LA,2038,49080.0
LA,2039,49429.0
LA,2040,48430.0
LA,2041,47061.0
MA,2009,75888.0
MA,2010,75330.0
MA,2011,74858.0
MA,2012,75732.0
MA,2013,77377.0
MA,2014,76502.0
MA,2015,74810.0
MA,2016,75661.0
MA,2017,77749.0
MA,2018,78060.0
MA,2019,79537.0
MA,2020,78839.0
MA,2021,78514.0
MA,2022,78133.0
MA,2023,75494.0
MA,2024,74846.0
MA,2025,76935.0
MA,2026,77056.0
MA,2027,75116.0
MA,2028,73419.0
MA,2029,73392.0
MA,2030,72708.0
MA,2031,73112.0
MA,2032,72520.0
MA,2033,72517.0
MA,2034,74253.0
MA,2035,73434.0
MA,2036,71730.0
MA,2037,71410.0
MA,2038,68631.0
MA,2039,71619.0
MA,2040,71039.0
MA,2041,69464.0
MD,2009,67532.0
MD,2010,68659.0
MD,2011,67579.0
MD,2012,67712.0
MD,2013,67865.0
MD,2014,67332.0
MD,2015,66688.0
MD,2016,67001.0
MD,2017,67091.0
MD,2018,68208.0
MD,2019,67971.0
MD,2020,71017.0
MD,2021,69124.0
MD,2022,69770.0
MD,2023,70362.0
MD,2024,68522.0
MD,2025,74018.0
MD,2026,74094.0
MD,2027,71173.0
MD,2028,69495.0
MD,2029,69600.0
MD,2030,68766.0
MD,2031,68679.0
MD,2032,68883.0
MD,2033,68150.0
MD,2034,70607.0
MD,2035,68981.0
MD,2036,68238.0
MD,2037,66901.0
MD,2038,65365.0
MD,2039,65392.0
MD,2040,65859.0
MD,2041,62752.0
ME,2009,16455.0
ME,2010,16708.0
ME,2011,16254.0
ME,2012,16087.0
ME,2013,15797.0
ME,2014,15870.0
ME,2015,15355.0
ME,2016,15348.0
ME,2017,14168.0
ME,2018,15274.0
ME,2019,14677.0
ME,2020,14239.0
ME,2021,13869.0
ME,2022,14133.0
ME,2023,14198.0
ME,2024,13897.0
ME,2025,14056.0
ME,2026,13698.0
ME,2027,13562.0
ME,2028,13120.0
ME,2029,13124.0
ME,2030,12938.0
ME,2031,13404.0
ME,2032,13808.0
ME,2033,13441.0
ME,2034,14085.0
ME,2035,13446.0
ME,2036,13487.0
ME,2037,12870.0
ME,2038,12597.0
ME,2039,13149.0
ME,2040,13231.0
ME,2041,12718.0
MI,2009,121261.0
MI,2010,118119.0
MI,2011,113304.0
MI,2012,113996.0
MI,2013,114023.0
MI,2014,113389.0
MI,2015,113960.0
MI,2016,111282.0
MI,2017,110218.0
MI,2018,112177.0
MI,2019,108725.0
MI,2020,107239.0
MI,2021,103443.0
MI,2022,108265.0
MI,2023,106883.0
MI,2024,103750.0
MI,2025,104326.0
MI,2026,100573.0
MI,2027,98094.0
MI,2028,96388.0
MI,2029,96628.0
MI,2030,95746.0
MI,2031,95650.0
MI,2032,96505.0
MI,2033,94836.0
MI,2034,97790.0
MI,2035,96183.0
MI,2036,94744.0
MI,2037,92468.0
MI,2038,89138.0
MI,2039,90205.0
MI,2040,87932.0
MI,2041,85131.0
MN,2009,63970.0
MN,2010,63969.0
MN,2011,64062.0
MN,2012,62050.0
MN,2013,62648.0
MN,2014,62059.0
MN,2015,62996.0
MN,2016,63565.0
MN,2017,64572.0
MN,2018,65499.0
MN,2019,66285.0
MN,2020,65199.0
MN,2021,64579.0
MN,2022,67002.0
MN,2023,65884.0
MN,2024,66300.0
MN,2025,67216.0
MN,2026,67286.0
MN,2027,66207.0
MN,2028,64841.0
MN,2029,63632.0
MN,2030,64403.0
MN,2031,64727.0
MN,2032,65753.0
MN,2033,64670.0
MN,2034,65953.0
MN,2035,65154.0
MN,2036,63795.0
MN,2037,62226.0
MN,2038,59784.0
MN,2039,60862.0
MN,2040,60504.0
MN,2041,58295.0
MO,2009,70012.0
MO,2010,71096.0
MO,2011,70521.0
MO,2012,68946.0
MO,2013,69146.0
MO,2014,69416.0
MO,2015,69522.0
MO,2016,68757.0
MO,2017,69560.0
MO,2018,68482.0
MO,2019,67892.0
MO,2020,66906.0
MO,2021,66781.0
MO,2022,67773.0
MO,2023,67229.0
MO,2024,67484.0
MO,2025,68656.0
MO,2026,68422.0
MO,2027,66919.0
MO,2028,64910.0
MO,2029,64234.0
MO,2030,64138.0
MO,2031,64111.0
MO,2032,64706.0
MO,2033,64153.0
MO,2034,66020.0
MO,2035,64283.0
MO,2036,64393.0
MO,2037,63178.0
MO,2038,60625.0
MO,2039,60967.0
MO,2040,60543.0
MO,2041,58880.0
MS,2009,27863.0
MS,2010,28723.0
MS,2011,30571.0
MS,2012,29577.0
MS,2013,30091.0
MS,2014,29464.0
MS,2015,29728.0
MS,2016,31362.0
MS,2017,31518.0
MS,2018,32601.0
MS,2019,32110.0
MS,2020,32865.0
MS,2021,32131.0
MS,2022,32572.0
MS,2023,32152.0
MS,2024,31559.0
MS,2025,33606.0
MS,2026,33708.0
MS,2027,32786.0
MS,2028,29702.0
MS,2029,30663.0
MS,2030,29644.0
MS,2031,27863.0
MS,2032,28978.0
MS,2033,29141.0
MS,2034,30283.0
MS,2035,29445.0
MS,2036,28919.0
MS,2037,28679.0
MS,2038,27750.0
MS,2039,27618.0
MS,2040,27202.0
MS,2041,27003.0
MT,2009,10449.0
MT,2010,10521.0
MT,2011,10165.0
MT,2012,10161.0
MT,2013,9759.0
MT,2014,9870.0
MT,2015,9749.0
MT,2016,9782.0
MT,2017,9833.0
MT,2018,9627.0
MT,2019,9686.0
MT,2020,9661.0
MT,2021,9694.0
MT,2022,9999.0
MT,2023,9980.0
MT,2024,10253.0
MT,2025,10374.0
MT,2026,10737.0
MT,2027,10590.0
MT,2028,10318.0
MT,2029,10644.0
MT,2030,10692.0
MT,2031,10886.0
MT,2032,11253.0
MT,2033,11587.0
MT,2034,11947.0
MT,2035,11218.0
MT,2036,10913.0
MT,2037,10506.0
MT,2038,10232.0
MT,2039,10694.0
MT,2040,10618.0
MT,2041,10520.0
NC,2009,92439.0
NC,2010,92635.0
NC,2011,96204.0
NC,2012,100694.0
NC,2013,101462.0
NC,2014,103444.0
NC,2015,106331.0
NC,2016,108110.0
NC,2017,109762.0
NC,2018,114284.0
NC,2019,116615.0
NC,2020,116514.0
NC,2021,114167.0
NC,2022,108252.0
NC,2023,115527.0
NC,2024,114139.0
NC,2025,121741.0
NC,2026,121551.0
NC,2027,120371.0
NC,2028,117457.0
NC,2029,117243.0
NC,2030,118193.0
NC,2031,119438.0
NC,2032,120295.0
NC,2033,119686.0
NC,2034,125230.0
NC,2035,123253.0
NC,2036,121806.0
NC,2037,120986.0
NC,2038,118981.0
NC,2039,123310.0
NC,2040,124321.0
NC,2041,122719.0
ND,2009,7717.0
ND,2010,7604.0
ND,2011,7580.0
ND,2012,7365.0
ND,2013,7283.0
ND,2014,7268.0
ND,2015,7120.0
ND,2016,7230.0
ND,2017,7134.0
ND,2018,7006.0
ND,2019,7385.0
ND,2020,7291.0
ND,2021,7623.0
ND,2022,7668.0
ND,2023,7706.0
ND,2024,8137.0
ND,2025,8642.0
ND,2026,8637.0
ND,2027,8612.0
ND,2028,8496.0
ND,2029,8715.0
ND,2030,9291.0
ND,2031,9485.0
ND,2032,9720.0
ND,2033,10005.0
ND,2034,10224.0
ND,2035,9771.0
ND,2036,9607.0
ND,2037,9386.0
ND,2038,9039.0
ND,2039,9109.0
ND,2040,8627.0
ND,2041,8690.0
NE,2009,21505.0
NE,2010,21381.0
NE,2011,22635.0
NE,2012,22807.0
NE,2013,22824.0
NE,2014,22781.0
NE,2015,22744.0
NE,2016,23027.0
NE,2017,23198.0
NE,2018,23314.0
NE,2019,23830.0
NE,2020,23769.0
NE,2021,23856.0
NE,2022,24387.0
NE,2023,24324.0
NE,2024,24288.0
NE,2025,23862.0
NE,2026,25492.0
NE,2027,25455.0
NE,2028,25078.0
NE,2029,24598.0
NE,2030,24909.0
NE,2031,24969.0
NE,2032,25427.0
NE,2033,25279.0
NE,2034,25703.0
NE,2035,25009.0
NE,2036,24640.0
NE,2037,23853.0
NE,2038,23389.0
NE,2039,23747.0
NE,2040,23498.0
NE,2041,23263.0
NH,2009,17220.0
NH,2010,17482.0
NH,2011,17017.0
NH,2012,16915.0
NH,2013,16718.0
NH,2014,16234.0
NH,2015,15854.0
NH,2016,16054.0
NH,2017,15873.0
NH,2018,15466.0
NH,2019,14958.0
NH,2020,15187.0
NH,2021,15352.0
NH,2022,15434.0
NH,2023,15492.0
NH,2024,15462.0
NH,2025,16484.0
NH,2026,15213.0
NH,2027,14786.0
NH,2028,14216.0
NH,2029,14574.0
NH,2030,14146.0
NH,2031,14026.0
NH,2032,13931.0
NH,2033,14239.0
NH,2034,14445.0
NH,2035,14242.0
NH,2036,14061.0
NH,2037,13817.0
NH,2038,13765.0
NH,2039,14782.0
NH,2040,14139.0
NH,2041,13964.0
NJ,2009,109433.0
NJ,2010,110891.0
NJ,2011,108165.0
NJ,2012,106858.0
NJ,2013,109590.0
NJ,2014,110097.0
NJ,2015,111654.0
NJ,2016,109982.0
NJ,2017,111844.0
NJ,2018,113367.0
NJ,2019,109961.0
NJ,2020,109108.0
NJ,2021,107755.0
NJ,2022,104131.0
NJ,2023,109314.0
NJ,2024,107977.0
NJ,2025,111084.0
NJ,2026,109903.0
NJ,2027,110204.0
NJ,2028,108582.0
NJ,2029,108730.0
NJ,2030,108465.0
NJ,2031,108500.0
NJ,2032,109449.0
NJ,2033,109597.0
NJ,2034,109825.0
NJ,2035,108372.0
NJ,2036,108394.0
NJ,2037,106310.0
NJ,2038,104634.0
NJ,2039,108509.0
NJ,2040,110011.0
NJ,2041,107973.0
NM,2009,19318.0
NM,2010,19960.0
NM,2011,20627.0
NM,2012,21481.0
NM,2013,20289.0
NM,2014,20764.0
NM,2015,19271.0
NM,2016,19410.0
NM,2017,21328.0
NM,2018,21861.0
NM,2019,20968.0
NM,2020,20434.0
NM,2021,20683.0
NM,2022,20718.0
NM,2023,21539.0
NM,2024,21130.0
NM,2025,22472.0
NM,2026,22162.0
NM,2027,21685.0
NM,2028,20687.0
NM,2029,20840.0
NM,2030,20634.0
NM,2031,20589.0
NM,2032,20508.0
NM,2033,20479.0
NM,2034,20529.0
NM,2035,19426.0
NM,2036,18827.0
NM,2037,18703.0
NM,2038,17847.0
NM,2039,17498.0
NM,2040,17654.0
NM,2041,17104.0
NV,2009,20728.0
NV,2010,21827.0
NV,2011,22081.0
NV,2012,22758.0
NV,2013,23874.0
NV,2014,24189.0
NV,2015,25082.0
NV,2016,27222.0
NV,2017,31562.0
NV,2018,32173.0
NV,2019,32765.0
NV,2020,32747.0
NV,2021,32270.0
NV,2022,31588.0
NV,2023,33256.0
NV,2024,33901.0
NV,2025,35304.0
NV,2026,34639.0
NV,2027,33480.0
NV,2028,33209.0
NV,2029,33142.0
NV,2030,33321.0
NV,2031,33417.0
NV,2032,33561.0
NV,2033,33079.0
NV,2034,34249.0
NV,2035,34299.0
NV,2036,34073.0
NV,2037,33136.0
NV,2038,31750.0
NV,2039,31931.0
NV,2040,31517.0
NV,2041,30156.0
NY,2009,212162.0
NY,2010,214507.0
NY,2011,213200.0
NY,2012,210233.0
NY,2013,208765.0
NY,2014,217594.0
NY,2015,216535.0
NY,2016,215217.0
NY,2017,211258.0
NY,2018,212104.0
NY,2019,209688.0
NY,2020,217586.0
NY,2021,213993.0
NY,2022,211853.0
NY,2023,205042.0
NY,2024,204640.0
NY,2025,206184.0
NY,2026,200655.0
NY,2027,197739.0
NY,2028,191957.0
NY,2029,187033.0
NY,2030,183242.0
NY,2031,178772.0
NY,2032,176574.0
NY,2033,171125.0
NY,2034,172657.0
NY,2035,171389.0
NY,2036,167999.0
NY,2037,163257.0
NY,2038,154244.0
NY,2039,155760.0
NY,2040,153751.0
NY,2041,150533.0
OH,2009,135506.0
OH,2010,133685.0
OH,2011,137087.0
OH,2012,135939.0
OH,2013,135241.0
OH,2014,131262.0
OH,2015,131560.0
OH,2016,134302.0
OH,2017,135197.0
OH,2018,135868.0
OH,2019,135941.0
OH,2020,136945.0
OH,2021,133872.0
OH,2022,133760.0
OH,2023,132363.0
OH,2024,149341.0
OH,2025,143303.0
OH,2026,141163.0
OH,2027,140034.0
OH,2028,135647.0
OH,2029,136317.0
OH,2030,134175.0
OH,2031,135396.0
OH,2032,133703.0
OH,2033,131197.0
OH,2034,138878.0
OH,2035,134895.0
OH,2036,132594.0
OH,2037,131405.0
OH,2038,126370.0
OH,2039,127684.0
OH,2040,125908.0
OH,2041,124461.0
OK,2009,38750.0
OK,2010,40065.0
OK,2011,39508.0
OK,2012,39180.0
OK,2013,39019.0
OK,2014,39321.0
OK,2015,40327.0
OK,2016,42509.0
OK,2017,43971.0
OK,2018,43828.0
OK,2019,45702.0
OK,2020,46211.0
OK,2021,46032.0
OK,2022,47211.0
OK,2023,46211.0
OK,2024,48112.0
OK,2025,50332.0
OK,2026,50769.0
OK,2027,51288.0
OK,2028,50171.0
OK,2029,49564.0
OK,2030,49595.0
OK,2031,50438.0
OK,2032,50509.0
OK,2033,51042.0
OK,2034,51108.0
OK,2035,48457.0
OK,2036,48059.0
OK,2037,47410.0
OK,2038,45971.0
OK,2039,46770.0
OK,2040,46663.0
OK,2041,46250.0
OR,2009,38277.0
OR,2010,37071.0
OR,2011,37697.0
OR,2012,37268.0
OR,2013,36939.0
OR,2014,38331.0
OR,2015,38900.0
OR,2016,41833.0
OR,2017,40938.0
OR,2018,41717.0
OR,2019,42173.0
OR,2020,42778.0
OR,2021,41057.0
OR,2022,41163.0
OR,2023,41203.0
OR,2024,41986.0
OR,2025,42752.0
OR,2026,42839.0
OR,2027,41181.0
OR,2028,40105.0
OR,2029,39497.0
OR,2030,39182.0
OR,2031,39086.0
OR,2032,39427.0
OR,2033,38243.0
OR,2034,39198.0
OR,2035,38349.0
OR,2036,36928.0
OR,2037,36226.0
OR,2038,34411.0
OR,2039,35503.0
OR,2040,34346.0
OR,2041,33272.0
PA,2009,149321.0
PA,2010,149776.0
PA,2011,146650.0
PA,2012,147295.0
PA,2013,144535.0
PA,2014,145240.0
PA,2015,143426.0
PA,2016,143901.0
PA,2017,143567.0
PA,2018,143842.0
PA,2019,143645.0
PA,2020,142186.0
PA,2021,139193.0
PA,2022,142275.0
PA,2023,141089.0
PA,2024,135355.0
PA,2025,137304.0
PA,2026,139630.0
PA,2027,136906.0
PA,2028,133397.0
PA,2029,131764.0
PA,2030,129575.0
PA,2031,129241.0
PA,2032,129238.0
PA,2033,125240.0
PA,2034,131165.0
PA,2035,127318.0
PA,2036,125042.0
PA,2037,123302.0
PA,2038,120066.0
PA,2039,122448.0
PA,2040,120066.0
PA,2041,116928.0
RI,2009,11846.0
RI,2010,11801.0
RI,2011,11743.0
RI,2012,11634.0
RI,2013,11327.0
RI,2014,11086.0
RI,2015,10908.0
RI,2016,11236.0
RI,2017,10491.0
RI,2018,10892.0
RI,2019,11395.0
RI,2020,11480.0
RI,2021,11411.0
RI,2022,11503.0
RI,2023,11213.0
RI,2024,10932.0
RI,2025,11551.0
RI,2026,11199.0
RI,2027,10840.0
RI,2028,10672.0
RI,2029,10519.0
RI,2030,10366.0
RI,2031,10469.0
RI,2032,10395.0
RI,2033,10333.0
RI,2034,10575.0
RI,2035,10341.0
RI,2036,10195.0
RI,2037,9822.0
RI,2038,9752.0
RI,2039,10142.0
RI,2040,9947.0
RI,2041,9492.0
SC,2009,42187.0
SC,2010,43261.0
SC,2011,43665.0
SC,2012,44425.0
SC,2013,45255.0
SC,2014,42561.0
SC,2015,47464.0
SC,2016,50949.0
SC,2017,51826.0
SC,2018,53953.0
SC,2019,52680.0
SC,2020,52010.0
SC,2021,52277.0
SC,2022,53335.0
SC,2023,53941.0
SC,2024,54297.0
SC,2025,57865.0
SC,2026,58790.0
SC,2027,58192.0
SC,2028,56948.0
SC,2029,57162.0
SC,2030,57870.0
SC,2031,58398.0
SC,2032,59730.0
SC,2033,61374.0
SC,2034,61738.0
SC,2035,60992.0
SC,2036,60645.0
SC,2037,60954.0
SC,2038,59509.0
SC,2039,61192.0
SC,2040,61840.0
SC,2041,61735.0
SD,2009,8641.0
SD,2010,8696.0
SD,2011,8901.0
SD,2012,8866.0
SD,2013,8495.0
SD,2014,8526.0
SD,2015,8636.0
SD,2016,8502.0
SD,2017,9054.0
SD,2018,9241.0
SD,2019,8951.0
SD,2020,9008.0
SD,2021,9036.0
SD,2022,9564.0
SD,2023,9705.0
SD,2024,9747.0
SD,2025,10344.0
SD,2026,10613.0
SD,2027,10595.0
SD,2028,10582.0
SD,2029,10567.0
SD,2030,10677.0
SD,2031,10915.0
SD,2032,11300.0
SD,2033,11302.0
SD,2034,11472.0
SD,2035,11196.0
SD,2036,10979.0
SD,2037,10589.0
SD,2038,10133.0
SD,2039,10523.0
SD,2040,10357.0
SD,2041,10357.0
TN,2009,66587.0
TN,2010,68790.0
TN,2011,67719.0
TN,2012,68138.0
TN,2013,66835.0
TN,2014,66396.0
TN,2015,67534.0
TN,2016,70994.0
TN,2017,72610.0
TN,2018,72802.0
TN,2019,73281.0
TN,2020,72685.0
TN,2021,71347.0
TN,2022,72084.0
TN,2023,70783.0
TN,2024,72785.0
TN,2025,75761.0
TN,2026,74939.0
TN,2027,73045.0
TN,2028,72206.0
TN,2029,73318.0
TN,2030,74906.0
TN,2031,76382.0
TN,2032,77214.0
TN,2033,77390.0
TN,2034,80871.0
TN,2035,79662.0
TN,2036,79327.0
TN,2037,78751.0
TN,2038,77010.0
TN,2039,80350.0
TN,2040,80767.0
TN,2041,81459.0
TX,2009,277178.0
TX,2010,294081.0
TX,2011,303308.0
TX,2012,305981.0
TX,2013,315453.0
TX,2014,318407.0
TX,2015,329930.0
TX,2016,341270.0
TX,2017,351809.0
TX,2018,364979.0
TX,2019,372402.0
TX,2020,377064.0
TX,2021,375741.0
TX,2022,385604.0
TX,2023,393596.0
TX,2024,386097.0
TX,2025,408251.0
TX,2026,410890.0
TX,2027,410422.0
TX,2028,400690.0
TX,2029,398512.0
TX,2030,399411.0
TX,2031,404468.0
TX,2032,411142.0
TX,2033,420590.0
TX,2034,429676.0
TX,2035,410286.0
TX,2036,405580.0
TX,2037,402929.0
TX,2038,392817.0
TX,2039,399937.0
TX,2040,417050.0
TX,2041,414861.0
UT,2009,31733.0
UT,2010,32660.0
UT,2011,32101.0
UT,2012,32561.0
UT,2013,34782.0
UT,2014,38052.0
UT,2015,38943.0
UT,2016,40468.0
UT,2017,42171.0
UT,2018,43372.0
UT,2019,43182.0
UT,2020,45251.0
UT,2021,46085.0
UT,2022,46946.0
UT,2023,47592.0
UT,2024,48529.0
UT,2025,50172.0
UT,2026,50201.0
UT,2027,49537.0
UT,2028,48966.0
UT,2029,49022.0
UT,2030,48443.0
UT,2031,50014.0
UT,2032,49876.0
UT,2033,49898.0
UT,2034,50812.0
UT,2035,48337.0
UT,2036,47153.0
UT,2037,46692.0
UT,2038,45535.0
UT,2039,46628.0
UT,2040,45648.0
UT,2041,44908.0
VA,2009,86162.0
VA,2010,86732.0
VA,2011,89297.0
VA,2012,89803.0
VA,2013,89811.0
VA,2014,89297.0
VA,2015,88958.0
VA,2016,92332.0
VA,2017,92778.0
VA,2018,95710.0
VA,2019,98970.0
VA,2020,100147.0
VA,2021,98780.0
VA,2022,99497.0
VA,2023,100051.0
VA,2024,99011.0
VA,2025,104008.0
VA,2026,102981.0
VA,2027,100484.0
VA,2028,99114.0
VA,2029,99393.0
VA,2030,100188.0
VA,2031,100530.0
VA,2032,101600.0
VA,2033,101663.0
VA,2034,105089.0
VA,2035,102267.0
VA,2036,101543.0
VA,2037,98565.0
VA,2038,95846.0
VA,2039,97319.0
VA,2040,97073.0
VA,2041,93984.0
VT,2009,8376.0
VT,2010,8547.0
VT,2011,7931.0
VT,2012,7822.0
VT,2013,7419.0
VT,2014,7408.0
VT,2015,7404.0
VT,2016,7174.0
VT,2017,6789.0
VT,2018,6547.0
VT,2019,6158.0
VT,2020,5988.0
VT,2021,5977.0
VT,2022,5789.0
VT,2023,5765.0
VT,2024,5551.0
VT,2025,5807.0
VT,2026,5851.0
VT,2027,5534.0
VT,2028,5587.0
VT,2029,5457.0
VT,2030,5518.0
VT,2031,5514.0
VT,2032,5818.0
VT,2033,5460.0
VT,2034,5747.0
VT,2035,5504.0
VT,2036,5269.0
VT,2037,5207.0
VT,2038,4971.0
VT,2039,5246.0
VT,2040,5168.0
VT,2041,4921.0
WA,2009,67212.0
WA,2010,68023.0
WA,2011,70661.0
WA,2012,70289.0
WA,2013,72026.0
WA,2014,70092.0
WA,2015,79634.0
WA,2016,74312.0
WA,2017,74800.0
WA,2018,78061.0
WA,2019,79042.0
WA,2020,79537.0
WA,2021,78071.0
WA,2022,78990.0
WA,2023,80405.0
WA,2024,80640.0
WA,2025,83021.0
WA,2026,83554.0
WA,2027,82141.0
WA,2028,79979.0
WA,2029,79308.0
WA,2030,79259.0
WA,2031,79957.0
WA,2032,80313.0
WA,2033,78904.0
WA,2034,81189.0
WA,2035,80777.0
WA,2036,79229.0
WA,2037,77438.0
WA,2038,75510.0
WA,2039,76471.0
WA,2040,76176.0
WA,2041,73935.0
WI,2009,71017.0
WI,2010,70436.0
WI,2011,69555.0
WI,2012,68155.0
WI,2013,66905.0
WI,2014,66495.0
WI,2015,65524.0
WI,2016,64837.0
WI,2017,66530.0
WI,2018,68191.0
WI,2019,68053.0
WI,2020,66830.0
WI,2021,65909.0
WI,2022,67563.0
WI,2023,67132.0
WI,2024,66435.0
WI,2025,68507.0
WI,2026,67781.0
WI,2027,66963.0
WI,2028,64618.0
WI,2029,63450.0
WI,2030,63368.0
WI,2031,63181.0
WI,2032,63249.0
WI,2033,63091.0
WI,2034,63142.0
WI,2035,62090.0
WI,2036,61238.0
WI,2037,60191.0
WI,2038,57597.0
WI,2039,58799.0
WI,2040,57204.0
WI,2041,56910.0
WV,2009,18429.0
WV,2010,18446.0
WV,2011,17971.0
WV,2012,18324.0
WV,2013,18707.0
WV,2014,18423.0
WV,2015,18674.0
WV,2016,19176.0
WV,2017,18905.0
WV,2018,19036.0
WV,2019,18751.0
WV,2020,18271.0
WV,2021,17400.0
WV,2022,17853.0
WV,2023,18003.0
WV,2024,17022.0
WV,2025,18113.0
WV,2026,17352.0
WV,2027,17078.0
WV,2028,16432.0
WV,2029,16404.0
WV,2030,16084.0
WV,2031,16187.0
WV,2032,14322.0
WV,2033,15317.0
WV,2034,15775.0
WV,2035,15092.0
WV,2036,14703.0
WV,2037,14596.0
WV,2038,13929.0
WV,2039,13904.0
WV,2040,13659.0
WV,2041,13388.0
WY,2009,5541.0
WY,2010,5770.0
WY,2011,5664.0
WY,2012,5635.0
WY,2013,5585.0
WY,2014,5488.0
WY,2015,5488.0
WY,2016,5670.0
WY,2017,5599.0
WY,2018,5700.0
WY,2019,5880.0
WY,2020,5760.0
WY,2021,5982.0
WY,2022,5935.0
WY,2023,6137.0
WY,2024,6188.0
WY,2025,6385.0
WY,2026,6259.0
WY,2027,6132.0
WY,2028,5966.0
WY,2029,5914.0
WY,2030,5873.0
WY,2031,5909.0
WY,2032,5870.0
WY,2033,5883.0
WY,2034,5892.0
WY,2035,5466.0
WY,2036,5167.0
WY,2037,5145.0
WY,2038,4802.0
WY,2039,4912.0
WY,2040,4761.0
WY,2041,4709.0
