listing_id,name,category,status,city,state,address,price_text,price_amount,acreage,beds,cabin_count,housing_evidence,source_name,source_url,image_url,image_credit,lat,lon,listing_date,checked_at,notes,eo_ein,eo_name,map_urls,map_type,map_is_pdf,map_source,origin
limestone-university-gaffney-sc,Former Limestone University campus,college,receivership auction,Gaffney,SC,"Gaffney, SC","Minimum overbid $11,315,000",,121,605,,Six residence halls offering 605 student capacity combined,Keen-Summit Capital Partners,https://www.keen-summit.com/project/receivership-sale-former-campus-of-limestone-university-gaffney-sc/,https://www.keen-summit.com/wp-content/uploads/2026/05/Campus-Aerial-1024x551.jpg,Keen-Summit Capital Partners,,,,2026-10-06,"Bid deadline October 30; auction November 4. The page does not print a year next to those dates. About 552,207+ square feet. The dollar figure is the minimum overbid, not an asking price.",,,,,,,curated
hampshire-college-amherst-ma,Hampshire College campus,college,for sale,Amherst,MA,"893 West Street, Amherst, MA",,,799.63,,,"academic, residential, administrative, and recreational buildings totaling approximately 805,917 square feet",Region Company,https://www.regionco.com/listing/Hampshire/893-west-street-amherst-ma/,,Region Company,,,,2026-10-06,"Status ACT. Sale or Lease is For Sale. The page says inquire for price. Additional land is in Hadley, MA.",,,,,,,curated
notre-dame-college-south-euclid-oh,Former Notre Dame College campus,college,receivership sale,South Euclid,OH,"South Green Road and College Road, South Euclid, OH",,,48,650,,Multiple residence halls with capacity for approximately 650 students,Keen-Summit Capital Partners,https://www.keen-summit.com/project/receivership-sale-former-campus-of-notre-dame-college-south-euclid-oh/,,Keen-Summit Capital Partners,,,,2026-10-06,"About 48 acres and 10 buildings totaling about 472,537 square feet. No asking price was stated on the page.",,,,,,,curated
mount-vernon-camp-me,Mount Vernon camp,camp,for sale,Mount Vernon,ME,"156 Five Seasons Road, Mount Vernon, ME 04352","$2,600,000",2600000,65,14,5,a 14-bedroom lodge built in 1926 and five new 24 by 14 cabins that are partially finished,Summer Camp Hub,https://summercamphub.com/summer-camps-for-sale/,,,,,,2026-10-06,The page also describes a 3-bedroom house on the property.,,,,,,,curated
east-branch-camp-ny,East Branch camp,camp,for sale,East Branch,NY,"3023 State Highway 30, East Branch, NY 13756","$1,650,000",1650000,7,105,,6 buildings with 3 dorms and motel-style accommodations; max capacity of the summer camp is 105 campers,Summer Camp Hub,https://summercamphub.com/summer-camps-for-sale/,,,,,,2026-10-06,The page says the camp is certified by the New York State Department of Health and that capacity could potentially increase to 250. 105 is the stated current maximum.,,,,,,,curated
camp-sandoneida-malvern-oh,Former Camp Sandoneida,camp,for sale,Malvern,OH,"9140 Blade, Malvern, OH 44644","$700,000",700000,20,,1,"a beautiful lodge, cabin, and electric hookups for six more cabins",Summer Camp Hub,https://summercamphub.com/summer-camps-for-sale/,,,,,,2026-10-06,"The six additional cabins are hookups, not existing cabins. Former Girl Scout camp in Carroll County.",,,,,,,curated
retreat-center-hill-lake-tn,Retreat at Center Hill Lake,camp,for sale,Smithville,TN,"358 Relax Dr, Smithville, TN 37166","$3,995,000",3995000,,,,"facilities that include a main lodge, conference spaces, cafeteria and commercial kitchen, and a guest house",Summer Camp Hub,https://summercamphub.com/summer-camps-for-sale/,,,,,,2026-10-06,"The page says 167+ acres are leased to the Army Corps of Engineers for $1 a year until October 30, 2042. Owned acreage was not stated.",,,,,,,curated
fairmont-camp-wv,Fairmont camp,camp,for sale,Fairmont,WV,,"$825,000",825000,35,,6,The Perry Lodge sleeps 54. The Fleming Lodge sleeps 34. The Elim cabin and Beulah cabin both sleep 10. Four other cabins each sleep 10.,Summer Camp Hub,https://summercamphub.com/summer-camps-for-sale/,,,,,,2026-10-06,The page says approximately 30-35 acres and also 'the 35-acre camp.' Bed total is not summed here; the sleeps figures are per building.,,,,,,,curated
camp-kupugani-leaf-river-il,Camp Kupugani,camp,for sale,Leaf River,IL,,"$1,700,000",1700000,125,,12,Twelve cabins with three bath houses. Staff cabin and lounge with a dorm room with sleeping for 8.,Flanagan Realty,https://flanaganland.com/property/125-acre-summer-camp-available/,,,,,,2026-10-06,"Page title says +/- 125 acres. Dining hall and main lodge capacity is up to 200 people, which is seating rather than beds.",,,,,,,curated
oswego-binghamton-summer-camp-ny,Summer camp near Oswego and Binghamton,camp,for sale,Oswego,NY,,"$2,990,000",2990000,251,215,11,11 Guest Cabins - Sleeps +215 guests. Staff home has 7 bedrooms. Infirmary has 2 bedrooms.,Campfire Brokerage,https://campfirebrokerage.com/listings,,,,,,2026-10-06,"The brokerage page does not give a street address. City is the Oswego / Binghamton area named on the page. 215 is the stated guest sleep count, not a sum of every building.",,,,,,,curated
camp-nelson-lodge-ca,Camp Nelson Lodge,camp,available,Springville,CA,,"$2,950,000",2950000,3.44,11,,The main lodge is a charming blend of nostalgia and functionality. Bedrooms: 11,LandLeader,https://www.landleader.com/listings/camp-nelson-lodge/2175/,,,36.139000,-118.613000,,2026-10-06,"LandLeader city field is Springville. The description places the lodge in Camp Nelson, Tulare County.",,,,,,,curated
stone-creek-lodge-mo,Stone Creek Lodge,camp,available,Stockton,MO,,"$749,900",749900,3.12,,,"The main lodge offers a full kitchen, game room and bathrooms with a couple lower level units great for weekly or daily rentals.",LandLeader,https://www.landleader.com/listings/stone-creek-lodge/2098/,,,37.624100,-93.802000,,2026-10-06,Cedar County. No bedroom count was stated.,,,,,,,curated
camp-tuolumne-trails-ca,Camp Tuolumne Trails,camp,new listing,Groveland,CA,,"$6,490,000",6490000,80,84,6,"Six fully accessible bunk houses (sleeps 84 total), each with 7 bunk beds, plus two modern two-bedroom counselor cabins",LandLeader,https://www.landleader.com/listings/camp-tuolumne-trails/2968/,,,37.845000,-120.126000,,2026-10-06,84 is the bunk-house sleep total. The two counselor cabins are additional.,,,,,,,curated
camp-wyomoco-ny,Camp Wyomoco,camp,available,Varysburg,NY,,"$1,750,000",1750000,287,,18,"a boys and girls lodge (1,488 sf) with 6 bedrooms; the Girls Cabins area with 11 rustic cabins and bunks; the Boys Cabins area with 7 rustic cabins and bunks",LandLeader,https://www.landleader.com/listings/camp-wyomoco/1322/,,,42.766608,-78.295958,,2026-10-06,"Former 4-H camp in the Town of Orangeville, Wyoming County. 18 cabins are the 11 girls cabins plus 7 boys cabins stated on the page.",,,,,,,curated
camp-redwing-pa,Camp Redwing,camp,available,Renfrew,PA,,"$3,850,000",3850000,139.19,,,"Mary's Lodge is a 3,500 sf loft style residence hall with bunk rooms and sleeps 36. The Haven sleeps 22 and has 4 bedrooms.",LandLeader,https://www.landleader.com/listings/camp-redwing/2991/,,,40.798200,-79.982200,,2026-10-06,Former Girl Scout camp in Butler County. Five yurts are also said to sleep 32. Those figures are not added into one bed total.,,,,,,,curated
lodge-whitehawk-ranch-ca,The Lodge at Whitehawk Ranch,camp,available,Clio,CA,,"$3,200,000",3200000,21,,,The Lodge at Whitehawk Ranch in Northern California is a charming and rustic retreat; this lodge offers a perfect blend of comfort and adventure.,LandLeader,https://www.landleader.com/listings/the-lodge-at-whitehawk-ranch/1519/,,,39.716919,-120.556330,,2026-10-06,The page describes the property as a lodge and does not state a bedroom count.,,,,,,,curated
michigan-hunt-fish-cabins-mi,Michigan hunt and fish cabins,camp,available,Marenisco,MI,,"$268,000",268000,30,2,,An Original Log Cabin with Modern Addition. Bedrooms: 2,LandLeader,https://www.landleader.com/listings/michigan-hunt-fish-cabins-50151265/1448/,,,46.352738,-89.488405,,2026-10-06,The description also says 29+ deeded acres. The listing acres field is 30.00.,,,,,,,curated
off-grid-hunting-camp-mi,40 acre off-grid hunting camp,camp,under contract,Michigamme,MI,,"$114,800",114800,40,1,,"The upper level is a spacious, bunkhouse-style loft designed to comfortably accommodate several guests. Bedrooms: 1",LandLeader,https://www.landleader.com/listings/40-acre-off-grid-hunting-camp-50219590/3115/,,,46.533984,-88.327856,,2026-10-06,"Spurr Township, Baraga County. Status on the page is under contract.",,,,,,,curated
lodge-on-dodge-pa,The Lodge on Dodge,camp,available,Shinglehouse,PA,,"$1,299,000",1299000,195.76,4,,partially remodeled lodge. Bedrooms: 4,LandLeader,https://www.landleader.com/listings/the-lodge-on-dodge/3111/,,,41.965900,-78.089900,,2026-10-06,,,,,,,,curated
galice-resort-or,Galice Resort,camp,available,Merlin,OR,"11744 Galice Road, Merlin, OR","$3,375,000",3375000,12.80,15,7,year-round lodging with three spacious lodges and seven well-appointed cabins. Galice Lodge offers 8 bedrooms (with 15 beds),LandLeader,https://www.landleader.com/listings/galice-resort-11744-galice-road/2108/,,,42.568800,-123.596400,,2026-10-06,15 beds are the Galice Lodge figure. The page also describes two other lodges and seven cabins.,,,,,,,curated
cedar-crest-resort-ca,Cedar Crest Resort,camp,new listing,Lakeshore,CA,,"$1,350,000",1350000,14,,14,"Cedar Crest Resort offers 14 rental cabins, 18 RV sites and 12 campsites",LandLeader,https://www.landleader.com/listings/cedar-crest-resort/3094/,,,,,,2026-10-06,Historic Huntington Lake resort. The LandLeader city field is Lakeshore.,,,,,,,curated
meramec-river-resort-mo,Meramec River Resort,camp,available,Cuba,MO,,"$1,800,000",1800000,34,,13,Includes 13 cabins and residential structures.,LandLeader,https://www.landleader.com/listings/meramec-river-resort/2766/,,,,,,2026-10-06,Also an RV campground of about 29 spaces and tent areas. Crawford County.,,,,,,,curated
golden-hills-equine-resort-mo,Golden Hills Equine Resort,camp,available,Raymondville,MO,,"$700,000",700000,57.70,,,"Lodging options include a 21-unit motel, a 2-story bunkhouse, and a 3-bedroom mobile home",LandLeader,https://www.landleader.com/listings/golden-hills-equine-resort/2745/,,,,,,2026-10-06,The bunkhouse is the housing that qualifies the row. Motel unit count is stated separately and is not a bed count.,,,,,,,curated
seven-springs-ranch-ca,Seven Springs Ranch hunting lodge,camp,new listing,Boonville,CA,,"$4,950,000",4950000,2100,6,,"the Seven Springs Hunting Lodge: an authentic 1,850-square-foot, six-bedroom, two-bath retreat",LandLeader,https://www.landleader.com/listings/seven-springs-ranch/3028/,,,,,,2026-10-06,,,,,,,,curated
shelter-creek-hunting-club-nc,Shelter Creek Hunting Club portion,501c7,for sale,Burgaw,NC,"Coyote Run, Burgaw, NC 28420","$425,000",425000,100.29,,,"The lodge features 2 bedrooms, a loft, 2 bathrooms, a living area with fireplace, a full kitchen, and a covered front porch.",Rock Creek Land Company,https://www.rockcreeklandcompany.com/properties/100-acres-shelter-creek-hunting-club-for-sale-in-pender-county-nc/,,,34.624892,-77.735433,,2026-10-06,"Pender County. The page lists acreage 100.29 and coordinates 34.624892, -77.735433. The parcel includes a 1.8-acre cabin lot; the lodge is the club common area.",,,,,,,curated
pit-river-duck-club-ca,Pit River Land and Cattle Duck Club,501c7,new listing,Alturas,CA,,"$2,175,000",2175000,260,9,,"the upstairs loft housing 10 beds, and 9 individual bedrooms and 3 baths on the main floor",LandLeader,https://www.landleader.com/listings/pit-river-land-cattle-duck-club/2996/,,,41.490000,-120.590000,,2026-10-06,Modoc County waterfowl hunting club. The page also describes a separate 2-bedroom house. Bedrooms field on the page is 9.,,,,,,,curated
concord-farms-duck-club-ca,Concord Farms Duck Club,501c7,new listing,Suisun City,CA,,"$1,500,000",1500000,400,19,,"the historic Concord Club clubhouse, an approximately 5,000 square-foot facility featuring 19 bedrooms and 3 bathrooms",LandLeader,https://www.landleader.com/listings/concord-farms-duck-club-inc/3122/,,,38.068000,-121.873000,,2026-10-06,The narrative says 19 bedrooms. The page Bedrooms field says 16. Both figures are on the page; 19 is the sentence in the description.,,,,,,,curated
island-club-ca,The Island Club,501c7,new listing,Suisun City,CA,,"$100,000",100000,635,10,,"The club's private clubhouse provides comfortable overnight accommodations, with an individual bedroom for each member. An additional bedroom annex provides further private lodging.",LandLeader,https://www.landleader.com/listings/the-island-club/3123/,,,38.147000,-122.042000,,2026-10-06,"Formerly the Charles F. Traung Club, also called The Island Club (#501). Bedrooms field on the page is 10. Suisun Marsh.",,,,,,,curated
three-rivers-rod-gun-club-mt,Three Rivers Rod and Gun Club lodge parcel,501c7,for sale,Three Forks,MT,,"$950,000",950000,557,5,,Beautiful lodge with 5 bedrooms 4.5 baths,Fay Ranches,https://fayranches.com/property/three-rivers-rod-and-gun-club-lodge-parcel/,,,,,,2026-10-06,"About 5 miles west of Three Forks. A separate 224-acre river parcel is listed at $2,250,000 and is not included here because the lodge description is for this parcel.",,,,,,,curated
antioch-duck-club-ca,Antioch Duck Club,501c7,under contract,Benicia,CA,,"$1,450,000",1450000,282,7,,"The main residence/clubhouse is approximately 4,500 sqft and consists of 7 bedrooms and 5 baths.",LandLeader,https://www.landleader.com/listings/antioch-goldeneye/1446/,,,,,,2026-10-06,Listed as Antioch Goldeneye. The page also describes a 3-bedroom second home and a caretaker unit. Status is under contract. Suisun Marsh.,,,,,,,curated
