unitid,inst_name,state_abbr,inst_control,year,risk_score,lib_year,lib_source,lib_physical_books,lib_digital_items,lib_expenditures,lib_fte,lib_staff_fte,lib_arl_member,lib_special_collections_note,lib_unique_flag,lib_note_url,lib_oclc_symbol,lib_worldcat_registry_id,lib_libraries_org_id
406024,Galen College of Nursing-Tampa Bay,FL,3.0,2023,0.98240376,,,,,,,,False,Web note not collected (outside top-50 / nonprofit shortlist).,False,,,,
376224,CEM College-Humacao,PR,3.0,2023,0.9823283,2023.0,urban,1600.0,3.0,,1.0,1.0,False,Web note not collected (outside top-50 / nonprofit shortlist).,False,,,,
491190,The Chicago School at San Diego,CA,2.0,2023,0.980738,2017.0,urban,17.0,631853.0,,,,False,Web note not collected (outside top-50 / nonprofit shortlist).,False,,,,
491181,Galen College of Nursing-ARH,KY,3.0,2023,0.9784152,,,,,,,,False,Web note not collected (outside top-50 / nonprofit shortlist).,False,,,,
414939,Nevada Career Institute,NV,3.0,2023,0.9771786,2023.0,urban,118.0,176000.0,,0.0,1.0,False,Web note not collected (outside top-50 / nonprofit shortlist).,False,,,,
480204,Platt College-Riverside,CA,3.0,2023,0.97495407,2023.0,urban,874.0,126.0,,1.0,1.0,False,Web note not collected (outside top-50 / nonprofit shortlist).,False,,,,
458210,West Coast University-Anaheim-Orange County,CA,3.0,2023,0.97413707,2023.0,urban,723.0,609867.0,616680.0,4.23,5.98,False,Web note not collected (outside top-50 / nonprofit shortlist).,False,,,,
262457,San Joaquin Valley College-Fresno,CA,3.0,2023,0.9734408,,,,,,,,False,Web note not collected (outside top-50 / nonprofit shortlist).,False,,,,
203739,Ohio Business College-Sandusky,OH,3.0,2023,0.97163916,2023.0,urban,2585.0,660148.0,,0.1,0.1,False,Web note not collected (outside top-50 / nonprofit shortlist).,False,,,,
448372,San Joaquin Valley College-Rancho Cordova,CA,3.0,2023,0.96858233,,,,,,,,False,Web note not collected (outside top-50 / nonprofit shortlist).,False,,,,
490878,Platt College-Anaheim,CA,3.0,2023,0.9681363,2023.0,urban,1227.0,126.0,,1.0,1.0,False,Web note not collected (outside top-50 / nonprofit shortlist).,False,,,,
241395,Pontifical Catholic University of Puerto Rico-Arecibo,PR,2.0,2023,0.9680577,2023.0,urban,53347.0,1706.0,139834.0,1.45,4.96,False,Web note not collected (outside top-50 / nonprofit shortlist).,False,,,,
406033,Galen College of Nursing-San Antonio,TX,3.0,2023,0.96465045,,,,,,,,False,Web note not collected (outside top-50 / nonprofit shortlist).,False,,,,
404055,Brookline College-Tempe,AZ,3.0,2023,0.9627135,,,,,,,,False,Web note not collected (outside top-50 / nonprofit shortlist).,False,,,,
438179,Brookline College-Tucson,AZ,3.0,2023,0.96128726,,,,,,,,False,Web note not collected (outside top-50 / nonprofit shortlist).,False,,,,
481775,San Joaquin Valley College-Lancaster,CA,3.0,2023,0.96125036,,,,,,,,False,Web note not collected (outside top-50 / nonprofit shortlist).,False,,,,
442426,St Louis College of Health Careers-Fenton,MO,3.0,2023,0.96118057,2023.0,urban,225.0,1.0,,0.33,0.33,False,Web note not collected (outside top-50 / nonprofit shortlist).,False,,,,
122694,San Joaquin Valley College-Bakersfield,CA,3.0,2023,0.96005726,,,,,,,,False,Web note not collected (outside top-50 / nonprofit shortlist).,False,,,,
449092,College of Business and Technology,FL,3.0,2023,0.9586146,,,,,,,,False,Web note not collected (outside top-50 / nonprofit shortlist).,False,,,,
442444,San Joaquin Valley College-Ontario,CA,3.0,2023,0.9584093,,,,,,,,False,Web note not collected (outside top-50 / nonprofit shortlist).,False,,,,
495961,San Joaquin Valley College-Santa Maria,CA,3.0,2023,0.95765364,,,,,,,,False,Web note not collected (outside top-50 / nonprofit shortlist).,False,,,,
456977,College of Business and Technology,FL,3.0,2023,0.95748615,,,,,,,,False,Web note not collected (outside top-50 / nonprofit shortlist).,False,,,,
475176,San Joaquin Valley College-Temecula,CA,3.0,2023,0.95620865,,,,,,,,False,Web note not collected (outside top-50 / nonprofit shortlist).,False,,,,
500290,Arizona College of Nursing - Chesapeake,VA,3.0,2023,0.95542896,2023.0,urban,,606306.0,,1.0,1.0,False,Web note not collected (outside top-50 / nonprofit shortlist).,False,,,,
494755,West Virginia Junior College-United Career Institute,PA,3.0,2023,0.9553687,2023.0,urban,88.0,73.0,,1.0,1.0,False,Web note not collected (outside top-50 / nonprofit shortlist).,False,,,,
487153,The Chicago School at Xavier University of Louisiana,LA,2.0,2023,0.95451,2017.0,urban,,631853.0,,,,False,Web note not collected (outside top-50 / nonprofit shortlist).,False,,,,
444088,Brookline College-Albuquerque,NM,3.0,2023,0.954444,,,,,,,,False,Web note not collected (outside top-50 / nonprofit shortlist).,False,,,,
242149,ICPR Junior College-Mayaguez,PR,3.0,2023,0.9541603,2023.0,urban,3668.0,519646.0,,1.0,11.0,False,Web note not collected (outside top-50 / nonprofit shortlist).,False,,,,
242130,ICPR Junior College-Arecibo,PR,3.0,2023,0.953452,2023.0,urban,4769.0,519646.0,,1.0,4.0,False,Web note not collected (outside top-50 / nonprofit shortlist).,False,,,,
459745,The Chicago School at Washington DC,DC,2.0,2023,0.95240825,2017.0,urban,1340.0,631853.0,177272.0,,,False,Web note not collected (outside top-50 / nonprofit shortlist).,False,,,,
460677,ICPR Junior College,PR,3.0,2023,0.9516711,2023.0,urban,2145.0,519646.0,,1.0,4.0,False,Web note not collected (outside top-50 / nonprofit shortlist).,False,,,,
495952,San Joaquin Valley College-Rancho Mirage,CA,3.0,2023,0.9501533,,,,,,,,False,Web note not collected (outside top-50 / nonprofit shortlist).,False,,,,
499291,Galen Health Institutes-Wichita,KS,3.0,2023,0.949033,,,,,,,,False,Web note not collected (outside top-50 / nonprofit shortlist).,False,,,,
432384,Platt College-Ontario,CA,3.0,2023,0.9489994,2023.0,urban,2660.0,126.0,,1.0,1.0,False,Web note not collected (outside top-50 / nonprofit shortlist).,False,,,,
461014,Mildred Elley-New York Campus,NY,3.0,2023,0.9456699,2023.0,urban,2349.0,343.0,,1.0,2.0,False,Web note not collected (outside top-50 / nonprofit shortlist).,False,,,,
422020,San Joaquin Valley College-Trades Education Center,CA,3.0,2023,0.9452154,,,,,,,,False,Web note not collected (outside top-50 / nonprofit shortlist).,False,,,,
499307,Galen Health Institutes-Salt Lake City,UT,3.0,2023,0.94470114,,,,,,,,False,Web note not collected (outside top-50 / nonprofit shortlist).,False,,,,
464226,Ottawa University-Surprise,AZ,2.0,2023,0.944632,,,,,,,,False,Web note not collected (outside top-50 / nonprofit shortlist).,False,,,,
250744,Dorsey College-Roseville,MI,3.0,2023,0.9439788,,,,,,,,False,Web note not collected (outside top-50 / nonprofit shortlist).,False,,,,
482413,DeVry College of New York,NY,3.0,2023,0.94287574,,,,,,,,False,Web note not collected (outside top-50 / nonprofit shortlist).,False,,,,
490601,Kansas City University,MO,2.0,2023,0.9422007,,,,,,,,False,Web note not collected (outside top-50 / nonprofit shortlist).,False,,,,
489858,West Coast University-Center for Graduate Studies,CA,3.0,2023,0.9420711,2023.0,urban,847.0,609867.0,307568.0,1.08,1.46,False,Web note not collected (outside top-50 / nonprofit shortlist).,False,,,,
456852,San Joaquin Valley College-Hesperia,CA,3.0,2023,0.94180995,,,,,,,,False,Web note not collected (outside top-50 / nonprofit shortlist).,False,,,,
483504,Dorsey College-Dearborn,MI,3.0,2023,0.9414059,,,,,,,,False,Web note not collected (outside top-50 / nonprofit shortlist).,False,,,,
458229,West Coast University-Ontario,CA,3.0,2023,0.9397565,2023.0,urban,451.0,609857.0,241820.0,1.13,2.59,False,Web note not collected (outside top-50 / nonprofit shortlist).,False,,,,
498085,Galen Health Institutes-Gainesville,FL,3.0,2023,0.9378692,,,,,,,,False,Web note not collected (outside top-50 / nonprofit shortlist).,False,,,,
477233,Evangel University-James River Assembly of God Church,MO,2.0,2023,0.9376257,,,,,,,,False,Web note not collected (outside top-50 / nonprofit shortlist).,False,,,,
500333,Arizona College of Nursing-St Louis,MO,3.0,2023,0.93614435,2023.0,urban,,606306.0,,1.0,2.0,False,Web note not collected (outside top-50 / nonprofit shortlist).,False,,,,
492607,The Chicago School at Dallas,TX,2.0,2023,0.93557954,,,,,,,,False,Web note not collected (outside top-50 / nonprofit shortlist).,False,,,,
480198,Warner Pacific University Professional and Graduate Studies,OR,2.0,2023,0.9353665,,,,,,,,False,Web note not collected (outside top-50 / nonprofit shortlist).,False,,,,
475228,The Colleges of Law at Santa Barbara,CA,2.0,2023,0.93526834,2023.0,urban,6800.0,4440.0,,0.3,0.3,False,Web note not collected (outside top-50 / nonprofit shortlist).,False,,,,
428259,Ottawa University-Milwaukee,WI,2.0,2023,0.93009526,,,,,,,,False,Web note not collected (outside top-50 / nonprofit shortlist).,False,,,,
368771,Hypnosis Motivation Institute,CA,2.0,2023,0.9290894,,,,,,,,False,Web note not collected (outside top-50 / nonprofit shortlist).,False,,,,
455433,The Chicago School at Anaheim,CA,2.0,2023,0.92711264,2017.0,urban,610.0,631853.0,,,,False,Web note not collected (outside top-50 / nonprofit shortlist).,False,,,,
245847,Antioch University-Santa Barbara,CA,2.0,2023,0.9266908,2022.0,urban,2244.0,922176.0,,,,False,Web note not collected (outside top-50 / nonprofit shortlist).,False,,,,
498623,Justice University,AZ,2.0,2023,0.9226565,2023.0,urban,,4428.0,,1.0,1.0,False,Web note not collected (outside top-50 / nonprofit shortlist).,False,,,,
243586,Pontifical Catholic University of Puerto Rico-Mayaguez,PR,2.0,2023,0.92114097,2023.0,urban,36843.0,1706.0,201441.0,2.0,6.0,False,Web note not collected (outside top-50 / nonprofit shortlist).,False,,,,
155636,Ottawa University-Kansas City,KS,2.0,2023,0.9184418,,,,,,,,False,Web note not collected (outside top-50 / nonprofit shortlist).,False,,,,
482705,Northeastern University Professional Programs,MA,2.0,2023,0.905542,,,,,,,,False,Web note not collected (outside top-50 / nonprofit shortlist).,False,,,,
434900,Dewey University-Carolina,PR,2.0,2023,0.9046243,2023.0,urban,1193.0,106565.0,,1.0,2.0,False,Web note not collected (outside top-50 / nonprofit shortlist).,False,,,,
215813,Saint Vincent Seminary,PA,2.0,2023,0.9025789,,,,,,,,False,Web note not collected (outside top-50 / nonprofit shortlist).,False,,,,
469416,Dewey University-Manati,PR,2.0,2023,0.89559096,2023.0,urban,656.0,76522.0,,1.0,2.0,False,Web note not collected (outside top-50 / nonprofit shortlist).,False,,,,
184694,Fairleigh Dickinson University-Florham Campus,NJ,2.0,2023,0.89518446,2023.0,urban,103931.0,506971.0,971541.0,6.0,13.0,False,Web note not collected (outside top-50 / nonprofit shortlist).,False,,,,
445203,Remington College-North Houston Campus,TX,2.0,2023,0.8947622,2019.0,urban,1639.0,6.0,,0.0,1.0,False,Web note not collected (outside top-50 / nonprofit shortlist).,False,,,,
245865,Antioch University-New England,NH,2.0,2023,0.8926981,2023.0,urban,38345.0,918015.0,1538779.0,6.0,9.0,False,Web note not collected (outside top-50 / nonprofit shortlist).,False,,,,
494287,EDP University of Puerto Rico-Manati,PR,2.0,2023,0.89077127,2023.0,urban,11246.0,633526.0,,1.0,3.0,False,Web note not collected (outside top-50 / nonprofit shortlist).,False,,,,
