residential_rank,unitid,inst_name,state_abbr,library_name,library_url,physical_books,ebooks,total_circulation,library_staff_fte,library_expenses,survey_year,figures_from_parent,parent_unitid,parent_name,special_collections,special_collections_url,contact_name,contact_role,contact_email,contact_phone,contact_url,fallback_label,fallback_name,fallback_role,fallback_email,fallback_phone,fallback_url,collections_sources,physical_books_source,physical_books_source_url
1,215813,Saint Vincent Seminary,PA,Dale P. Latimer Library,https://stvincent.libguides.com/library,"210,339","243,618","4,215",10.0,"$581,235",2023,yes,215798,Saint Vincent College,"Rare Books Gallery in the Verostko Center, with handwritten manuscripts to the 14th century and incunabula from the mid-15th century, plus books by monks, faculty, and alumni. The college library page also describes rare books in a climate-controlled vault, Pennsylvania and Benedictina collections, and the Saint Vincent Archives.",https://stvincent.libguides.com/lib/Special_Collections,,Library general contact (no director name published),latimerlibrary@stvincent.edu,724-805-2966,https://stvincent.libguides.com/library,College main office,,,,724-532-6600,https://www.stvincent.edu/academics/academic-support-and-resources/latimer-library.html,https://stvincent.libguides.com/lib/Special_Collections | https://www.stvincent.edu/academics/academic-support-and-resources/latimer-library.html,,
2,164614,Boston Baptist College,MA,Research Library,https://www.boston.edu/library,"70,712","260,000","1,402",3.0,not reported,2023,,,,No special collections found. URL checked: https://www.boston.edu/library,https://www.boston.edu/library,Fred Tatro,Namesake who manages the library,info@boston.edu,(617) 364-3510,https://www.boston.edu/library,,,,,,,https://www.boston.edu/library,,
3,112394,University of Silicon Valley,CA,Learning Resource Center,https://usv.edu/student-life/resources,650,"283,000","3,850",3.0,not reported,2023,,,,No special collections found. URLs checked: https://usv.edu/student-life/resources; https://usv.libguides.com/; https://scelc.org/az/university-of-silicon-valley,https://usv.edu/student-life/resources,,Library general contact (phone on the SCELC member listing),library@usv.edu,(408) 498-5158,https://usv.edu/student-life/resources,,,,,,,https://usv.edu/student-life/resources | https://usv.libguides.com/ | https://scelc.org/az/university-of-silicon-valley,,
4,211477,Central Penn College,PA,"Charles ""T"" Jones Leadership Library",https://www.centralpenn.edu/library/,"23,296","132,640","72,113",1.3,"$281,679",2023,,,,"Law Library, Bollinger Hall, Room 48.",https://www.centralpenn.edu/library/,Margaret Schachte,Library Director,margaretschachte@centralpenn.edu,717-728-2249,https://www.centralpenn.edu/library/,,,,,,,https://www.centralpenn.edu/library/,,
5,238193,Alverno College,WI,Alverno College Library,https://www.alverno.edu/library,"21,932","720,500","32,076",15.5,"$544,432",2023,,,,The library navigation lists an Archives section. The archives URL did not publish a separate holdings description. URLs checked: https://www.alverno.edu/library; https://www.alverno.edu/library/archives; https://www.alverno.edu/library/about,https://www.alverno.edu/library/archives,,Librarian (name not published); Circulation Desk Supervisor also listed,library@alverno.edu,(414) 382-6433,https://www.alverno.edu/library/about,,,,,,,https://www.alverno.edu/library | https://www.alverno.edu/library/archives | https://www.alverno.edu/library/about,,
6,207254,Spartan College of Aeronautics and Technology,OK,Tulsa Learning Resource Center,https://www.spartan.edu/tulsa/library-learning-resource-center/,"3,527",0,"3,000",1.0,not reported,2023,,,,"No special collections found. The Tulsa library page lists professional journals, magazines, videos, CDs, DVDs, and other materials. URL checked: https://www.spartan.edu/tulsa/library-learning-resource-center/",https://www.spartan.edu/tulsa/library-learning-resource-center/,,Phone listed on the Tulsa library page (no director name published),,918-836-6886,https://www.spartan.edu/tulsa/library-learning-resource-center/,,,,,,,https://www.spartan.edu/tulsa/library-learning-resource-center/,,
7,225876,Jacksonville College-Main Campus,TX,Jacksonville College Library,https://www.jacksonvillecollege.edu/library/,"6,226","419,739","6,370",3.0,not reported,2023,,,,"In-house archive materials (non-circulating), alongside fiction, nonfiction, reference, periodicals, and textbooks.",https://www.jacksonvillecollege.edu/library/,Tori Finck,Director of Library Services and TLC,library@jacksonvillecollege.edu,903.589.7111,https://www.jacksonvillecollege.edu/library/,,,,,,,https://www.jacksonvillecollege.edu/library/ | https://www.jacksonvillecollege.edu/teaching-learning-center/,,
8,179894,Webster University,MO,Webster University Library,https://library.webster.edu/about,"154,096","631,618","77,458",19.6,"$2,648,190",2023,,,,"Archives and Special Collections. JP Majors is Instruction Librarian and University Archivist (314-246-7818, jonathanmajors64@webster.edu).",https://library.webster.edu/about,Eileen Condon,Dean of University Libraries,econdon@webster.edu,314-246-7954,https://library.webster.edu/about/staff-directory,,,,,,,https://library.webster.edu/about | https://library.webster.edu/about/staff-directory,,
9,166911,Montserrat College of Art,MA,Paul M. Scott Library,https://www.montserrat.edu/life-at-montserrat/library/,"12,390","122,400","1,883",2.0,"$117,574",2023,,,,"Print Archive of over 11,000 art books and 30 periodical subscriptions.",https://www.montserrat.edu/life-at-montserrat/library/,Catherine Robertson,Assistant Dean of Libraries and Learning,catherine.robertson@montserrat.edu,978.921.4242 x1208,https://www.montserrat.edu/life-at-montserrat/library/,,,,,,,https://www.montserrat.edu/life-at-montserrat/library/,,
10,112084,San Diego Christian College,CA,San Diego Christian College Library,http://sdcc.edu/library/,"77,296","683,452","31,044",3.8,"$331,947",2023,,,,No special collections found. URLs checked: http://sdcc.edu/library/; https://library.sdcc.edu/; https://sdcc.edu/contact-us/,http://sdcc.edu/library/,,College office (no library director published; library page requires a login),,619.201.8700,https://sdcc.edu/contact-us/,,,,,,,http://sdcc.edu/library/ | https://library.sdcc.edu/ | https://sdcc.edu/contact-us/,,
11,148487,Roosevelt University,IL,Murray-Green Library,https://www.roosevelt.edu/library,"192,224","509,710","115,804",21.0,"$836,036",2023,,,,"University Archives. Paper archives are in the Auditorium Building, 11th floor, and in Schaumburg campus archive rooms. Digital items are on CARLI Digital Collections and Explore Chicago Collections. Claire Hubble is the archives contact (email form; no address published).",https://libguides.roosevelt.edu/archives,Robin Hofstetter,Executive Director of Libraries and Academic Support,rhofstetter@roosevelt.edu,312-341-2125,https://www.roosevelt.edu/library/about,,,,,,,https://libguides.roosevelt.edu/archives | https://www.roosevelt.edu/library/about,,
12,119058,Middlebury Institute of International Studies at Monterey,CA,Middlebury Institute Library,https://www.middlebury.edu/institute/academics/library,"91,967","61,885","26,784",6.9,"$770,874",2023,,,,No special collections found. URL checked: https://www.middlebury.edu/institute/academics/library,https://www.middlebury.edu/institute/academics/library,,Circulation desk (no director name published),library@middlebury.edu,831-647-4133,https://www.middlebury.edu/institute/academics/library,,,,,,,https://www.middlebury.edu/institute/academics/library,,
13,193973,Niagara University,NY,Niagara University Library,https://library.niagara.edu/,"128,813","264,174","424,934",7.5,"$1,156,990",2023,,,,"Archives and Rare Book Collections, available by appointment. The archives hold official and unofficial records of Niagara University history. A Rare Book Room is also listed.",https://library.niagara.edu/specialcoll,David Schoen,Director of Libraries,,716.286.8002,https://library.niagara.edu/librarystaff,,,,,,,https://library.niagara.edu/specialcoll | https://library.niagara.edu/archives | https://library.niagara.edu/librarystaff,,
14,193308,Monroe University,NY,Monroe University Libraries,https://monroeuniversity.libguides.com/home,"14,998","11,400","387,738",12.0,"$866,806",2023,,,,No special collections found. URL checked: https://monroeuniversity.libguides.com/home,https://monroeuniversity.libguides.com/home,Chanté Hope,Director of Library Services,library@monroeu.edu,,https://monroeuniversity.libguides.com/home,,,,,,,https://monroeuniversity.libguides.com/home,,
15,237783,Salem University,WV,Benedum Library,https://www.salemu.edu/library/,"67,689","280,218","6,214",3.0,"$122,514",2023,,,,"Partial U.S. government documents depository, with the library's book and audiovisual collections.",https://www.salemu.edu/library/,,Library general contact (no director name published),library@salemu.edu,304-326-1238,https://www.salemu.edu/library/,,,,,,,https://www.salemu.edu/library/,,
16,141644,Hawaii Pacific University,HI,Hawaii Pacific University Libraries,https://hpu.libguides.com/,"21,343","425,742","115,727",15.2,"$1,212,502",2023,,,,The library guide index lists an Arts and Artifact Collections guide. URL checked: https://hpu.libguides.com/,https://hpu.libguides.com/,,Library general contact (no director name published),library@hpu.edu,,https://hpu.libguides.com/,,,,,,,https://hpu.libguides.com/,,
17,169479,Davenport University,MI,Margaret D. Sneden Digital Library,https://www.davenport.edu/Library,"16,504","789,104","218,548",5.0,"$808,821",2023,,,,University Archives is linked from the library portal. Holdings are not described on that page. URL checked: https://my.davenport.edu/library,https://my.davenport.edu/library,,Library text line (no director name published),,(616) 504-1696,https://my.davenport.edu/library,University main office,,,info@davenport.edu,1.866.925.3884,https://www.davenport.edu/Library,https://my.davenport.edu/library | https://www.davenport.edu/Library,"IPEDS Academic Libraries 2021, the latest survey year with a reported physical count",
18,130183,Post University,CT,Traurig Library,https://post.edu/student-services/library/,"10,161","3,060,881","1,113,284",9.5,"$984,093",2023,,,,"Government documents repository, specialized legal reference, and a unique equine management print and media collection. The page also reports over 13,300 print books and 1,265 media items.",https://post.edu/student-services/library/,,Library general contact (no director name published),library@post.edu,203.596.4560,https://post.edu/student-services/library/,Provost's office,Mary Carr,Chief Academic Officer and Provost,,,https://post.edu/about/mission-and-leadership/,https://post.edu/student-services/library/,,
19,238078,Wheeling University,WV,Bishop Hodges Library,https://libguides.wju.edu/BHLHome,"130,000","98,000","13,200",16.0,not reported,2023,,,,No special collections found. URL checked: https://libguides.wju.edu/BHLHome,https://libguides.wju.edu/BHLHome,,Library general contact (no director name published),library@wheeling.edu,304-243-2226,https://libguides.wju.edu/BHLHome,,,,,,,https://libguides.wju.edu/BHLHome,,
20,102298,Talladega College,AL,Savery Library,https://library.talladega.edu/,"43,802",0,"212,692",29.0,"$280,595",2023,,,,"Rare books (a public list was not yet posted) and the Galangue artifacts, items from Angola and Nigeria brought back by missionaries supported by the college, including tools, decorative items, and statues. Archives contact: tcarchives@talladega.edu, 256-761-6441.",https://library.talladega.edu/archives-and-special-collections/special-collections,Allen McQueen,Library Director,amcqueen@talladega.edu,256-761-6103,https://library.talladega.edu/allen-mcqueen,,,,,,,https://library.talladega.edu/archives-and-special-collections/special-collections | https://library.talladega.edu/allen-mcqueen,,
21,197045,Utica University,NY,Frank E. Gannett Library,https://www.utica.edu/academic/library/contact.cfm,"96,566","304,367","237,187",13.0,"$1,500,340",2023,,,,Utica University Archives; Association of Child Life Professionals Archives; Jocelyn Romano Candido Rare Book Collection; Walter D. Edmonds Collection; Harry F. Jackson Welsh Collection.,https://www.utica.edu/academic/library/aboutlib/collections.cfm,,Library general contact (no director name published),library@utica.edu,(315) 792-3041,https://www.utica.edu/academic/library/contact.cfm,,,,,,,https://www.utica.edu/academic/library/aboutlib/collections.cfm | https://www.utica.edu/academic/library/contact.cfm,,
22,167677,Saint John's Seminary,MA,Saint John's Seminary Library,https://www.sjs.edu/library,"172,000",not reported,not reported,not reported,not reported,,,,,"Creagh Collection of works on Canon Law (Msgr. John T. Creagh, class of 1895). The collection is incorporated into the Boston College Theology and Ministry Library and remains under a Director of the Saint John's Seminary Library Collection appointed by the Rector; that director's name is not published on the library page.",https://www.sjs.edu/library,,Seminary campus phone (library director name not published),,617-254-2610,https://www.sjs.edu/library,,,,,,,https://www.sjs.edu/library,"Seminary library page: more than 172,000 volumes",https://www.sjs.edu/library
23,144351,Concordia University-Chicago,IL,Klinck Memorial Library,https://www.cuchicago.edu/academics/academic-resources/library/about-the-library/,"114,328","345,798","418,393",16.0,"$478,459",2023,,,,"University Archives, on the lower level of the library.",https://www.cuchicago.edu/academics/academic-resources/library/about-the-library/,Liesl Cottrell,Director of the University Library,Liesl.Cottrell@cuchicago.edu,708-209-3053,https://www.cuchicago.edu/academics/academic-resources/library/about-the-library/,,,,,,,https://www.cuchicago.edu/academics/academic-resources/library/about-the-library/,,
24,106306,Arkansas Baptist College,AR,J.C. Oliver Library,https://www.arkansasbaptist.edu/academics/library,"24,530",2,45,4.0,not reported,2023,,,,Special collections and legal documents. No size is stated.,https://www.arkansasbaptist.edu/academics/library,Jacqueline McGehee,Library Director,jacqueline.mcgehee@arkansasbaptist.edu,501-420-1252,https://www.arkansasbaptist.edu/academics/library,,,,,,,https://www.arkansasbaptist.edu/academics/library,,
25,213303,Keystone College,PA,Miller Library,https://millerlibrary.keystone.edu/staff,"35,832","230,000","117,768",3.0,"$340,000",2023,,,,No special collections found. URLs checked: https://millerlibrary.keystone.edu/staff; https://www.keystone.edu/venue/miller-library/,https://millerlibrary.keystone.edu/staff,Mari Flynn,Director of Miller Library (staff page lists extension 8332),mari.flynn@keystone.edu,570-945-8335,https://www.keystone.edu/2024/05/09/keystone-college-miller-library-to-hold-discount-book-sale/,,,,,,,https://millerlibrary.keystone.edu/staff | https://www.keystone.edu/venue/miller-library/ | https://www.keystone.edu/department-directory/ | https://www.keystone.edu/2024/05/09/keystone-college-miller-library-to-hold-discount-book-sale/,,
26,228486,Southwestern Christian College,TX,Doris Johnson Library,https://www.swcc.edu/doris-johnson-library,"30,398",0,403,3.0,not reported,2023,,,,"Extensive Bible and Religious Studies holdings, and an African American Studies Collection. The library page reports over 26,000 volumes and subscriptions to over 190 magazines, journals, and newspapers.",https://www.swcc.edu/doris-johnson-library,Shirley Hudson,Librarian,shirley.hudson@swcc.edu,(972) 524-3341,https://www.swcc.edu/directory,,,,,,,https://www.swcc.edu/doris-johnson-library | https://www.swcc.edu/directory,,
27,489937,Carolina University,NC,George M. Manuel Library,https://library.carolinau.edu,"50,137","305,820","1,173,662",6.5,"$231,379",2023,,,,No special collections found. URL checked: https://library.carolinau.edu,https://library.carolinau.edu,,Library general contact (no director name published),library@carolinau.edu,336-714-7894,https://library.carolinau.edu,,,,,,,https://library.carolinau.edu,,
28,191621,Hilbert College,NY,McGrath Library,https://www.hilbert.edu/academics/advising-services/library/,"29,984","266,009","22,774",3.0,"$245,229",2023,,,,No special collections found. URL checked: https://www.hilbert.edu/academics/advising-services/library/,https://www.hilbert.edu/academics/advising-services/library/,,Library general contact (no director name published),askus@hilbert.edu,,https://www.hilbert.edu/academics/advising-services/library/,,,,,,,https://www.hilbert.edu/academics/advising-services/library/,,
29,199458,Mid-Atlantic Christian University,NC,Watson-Griffith Library,https://macuniversity.libguides.com/homepage,"30,662","7,610","9,515",5.0,"$115,060",2023,,,,No special collections found. URL checked: https://macuniversity.libguides.com/homepage,https://macuniversity.libguides.com/homepage,Evan Wooten,Library Director,evan.wooten@macuniversity.edu,252-334-2000 ext. 2057,https://macuniversity.libguides.com/homepage,,,,,,,https://macuniversity.libguides.com/homepage,,
30,184603,Fairleigh Dickinson University-Metropolitan Campus,NJ,Metropolitan Campus Library,https://www.fdu.edu/academics/library-2-2/,"103,021","368,551","105,024",17.2,"$1,322,952",2023,,,,"Gehl collection of psychoanalytic materials and the Columbia film archives, plus a digital collection from the university archives.",https://www.fdu.edu/academics/library-2-2/,Ana Fontoura,University Librarian,afontoura@fdu.edu,201-692-2276,https://library.fdu.edu/staff,,,,,,,https://www.fdu.edu/academics/library-2-2/ | https://library.fdu.edu/staff,,
31,126076,Yeshiva Ohr Elchonon Chabad West Coast Talmudical Seminary,CA,Talmudic Library,https://www.yoec.edu/,"14,400",0,"3,000",2.0,not reported,2023,,,,"The 2019 BPPE annual report describes the Talmudic Library as holding Bible, Talmud, codes, responsa, ethical and philosophical works, liturgy, Hebrew, and a complete collection of Chabad works. URL checked: https://bppe.ca.gov/webapplications/annualReports/2019/document/f134750b-834a-4bab-ab02-2ddc10624f73",https://bppe.ca.gov/webapplications/annualReports/2019/document/f134750b-834a-4bab-ab02-2ddc10624f73,,College main office (no library director published),info@yoec.edu,(323) 937-3763,https://www.yoec.edu/,,,,,,,https://bppe.ca.gov/webapplications/annualReports/2019/document/f134750b-834a-4bab-ab02-2ddc10624f73 | https://www.yoec.edu/,,
32,153861,Maharishi International University,IA,Maharishi International University Library,https://library.miu.edu/,"95,501","244,709","10,631",8.0,"$366,886",2023,,,,"Special Collections and Archives. The section links archives, the International Journal of Mathematics and Consciousness, JMVRI, and Vedic science materials. Holdings size is not stated.",https://library.miu.edu/special-collections-and-archives/,Rouzanna Vardanyan,Head Librarian,library@miu.edu,641-472-1154,https://library.miu.edu/library-staff/,,,,,,,https://library.miu.edu/special-collections-and-archives/ | https://library.miu.edu/library-staff/,,
33,225575,Huston-Tillotson University,TX,Downs-Jones Library,https://htu.edu/academics/library/about-the-library/staff/,"27,870","450,757","30,319",12.0,"$516,852",2023,,,,University Archives. Qiuying Chen is University Archivist (qchen@htu.edu). The staff page also publishes archives@htu.edu. Holdings size is not stated.,https://htu.edu/academics/library/about-the-library/staff/,Dr. Cynthia J. Charles,Director of Library and Media Services,ccharles@htu.edu,512.505.3051,https://htu.edu/academics/library/about-the-library/staff/,,,,,,,https://htu.edu/academics/library/about-the-library/staff/,,
34,170000,Grace Christian University,MI,Bultema Memorial Library,https://gracechristian.edu/campus-community/student-resources/campus-facilities/,"42,160","25,339","79,448",5.5,"$118,383",2023,,,,"A handwritten Torah scroll by one scribe, about 1790, reported on display weekdays from 8 a.m. to 4 p.m. in the Jacob and Henrietta Molenkamp reading room.",https://www.woodtv.com/news/kent-county/centuries-old-torah-on-display-at-local-college/,Jeff Brodrick,Library Director,,,https://www.woodtv.com/news/kent-county/centuries-old-torah-on-display-at-local-college/,,,,,,,https://www.woodtv.com/news/kent-county/centuries-old-torah-on-display-at-local-college/,,
35,363934,University of Advancing Technology,AZ,,https://www.uat.edu/,0,34,197,10.0,"$122,377",2023,,,,No special collections found. URLs checked: https://www.uat.edu/; https://www.uat.edu/about/leadership (not found),https://www.uat.edu/,,College main phone (no library page found),,(602) 383-8245,https://www.uat.edu/,,,,,,,https://www.uat.edu/ | https://www.uat.edu/about/leadership,,
36,204617,Ohio Dominican University,OH,Spangler Library,https://www.ohiodominican.edu/library/index.html,"48,357","563,475","30,984",6.2,"$585,712",2023,,,,No special collections found. URL checked: https://www.ohiodominican.edu/library/index.html,https://www.ohiodominican.edu/library/index.html,,Library general contact (no director name published),ODULibrary@ohiodominican.edu,(614) 251-4752,https://www.ohiodominican.edu/library/index.html,,,,,,,https://www.ohiodominican.edu/library/index.html,,
37,145619,Benedictine University,IL,Benedictine University Library,https://ben.edu/academics/library/,"106,690","305,134","38,500",6.5,"$757,475",2023,,,,University Archives and Special Collections. Archives phone (630) 829-6064; archives@ben.edu.,https://ben.edu/academics/library/,,Library general contact (no dean name published),libref@ben.edu,(630) 829-6050,https://ben.edu/academics/library/,,,,,,,https://ben.edu/academics/library/,,
38,117104,Life Pacific University,CA,Life Pacific University Library,https://lifepacific.edu/directory-department/library/,"38,044","735,863","189,286",2.1,"$185,869",2023,,,,No special collections found. URL checked: https://lifepacific.edu/directory-department/library/,https://lifepacific.edu/directory-department/library/,Joshua Ortega,Director of Library Services,jortega@lifepacific.edu,(909) 599-5433 ext 351,https://lifepacific.edu/directory-department/library/,,,,,,,https://lifepacific.edu/directory-department/library/,,
39,199643,Shaw University,NC,James E. Cheek Learning Resources Center,https://shawu.libguides.com/,"28,042","307,196","24,299",15.0,"$394,800",2023,,,,"Shaw University Archives Collection, on the 1st floor of the Cheek center. University Archivist Marie Stark, 919-546-8202 (email form; no address published).",https://shawu.libguides.com/archives,Marie Stark,University Archivist,,919-546-8202,https://shawu.libguides.com/archives,,,,,,,https://shawu.libguides.com/archives | https://shawu.libguides.com/,,
40,464226,Ottawa University-Surprise,AZ,Gangwish Library,https://ottawa.libguides.com/,"48,980","284,426","57,961",5.5,"$293,339",2023,yes,155627,Ottawa University-Ottawa,"Ottawa University Archives (also called Myers Library's Archival Collection): published books on Ottawa University history, yearbooks, catalogs, alumni directories, newspapers, and artifact collections. These are the parent university's archives.",https://ottawa.libguides.com/archives,Danielle O'Barto,Librarian listed on the Gangwish Library guides,danielle.obarto@ottawa.edu,,https://ottawa.libguides.com/,,,,,,,https://ottawa.libguides.com/archives | https://ottawa.libguides.com/,,
41,242653,Inter American University of Puerto Rico-Metro,PR,Centro de Acceso a la Información,https://metro.inter.edu/centro-acceso-informacion/,"120,545","419,507","42,562",13.0,"$1,151,531",2023,,,,Colecciones Puertorriqueñas (books about Puerto Rico and by Puerto Rican authors) in the Sala de Colecciones Especiales; Colección Amaury Veray (books and scores from the composer's personal collection). The Sala Virtual Federico Degetau y González includes a thematic collection.,https://metro.inter.edu/centro-acceso-informacion/,María de Lourdes Resto Ortiz,Directora,mresto@metro.inter.edu,787 250-1912 Ext. 2160,https://metro.inter.edu/centro-acceso-informacion/,,,,,,,https://metro.inter.edu/centro-acceso-informacion/,,
42,213358,La Roche University,PA,John J. Wright Library,https://library.laroche.edu/,"22,816","353,283","1,898",11.0,"$334,620",2023,,,,The library publishes an Archives section (Archives - A State of the Art Facility). Holdings are not described on the page.,https://library.laroche.edu/archives/,,Library general contact (no director name published),WrightLibrary@LaRoche.edu,412-536-1064,https://library.laroche.edu/,,,,,,,https://library.laroche.edu/archives/ | https://library.laroche.edu/,,
43,123280,Shasta Bible College and Graduate School,CA,Shasta Bible College Library,https://www.shasta.edu/library.html,"35,718","1,145",614,1.0,not reported,2023,,,,No special collections found. URL checked: https://www.shasta.edu/library.html,https://www.shasta.edu/library.html,Virginia Williams,Librarian,vwilliams@shasta.edu,(530)-221-4275,https://www.shasta.edu/library.html,,,,,,,https://www.shasta.edu/library.html,,
44,145372,Greenville University,IL,Ruby E. Dare Library,https://greenville.libguides.com/Library,"64,443","433,185","10,111",3.0,"$143,081",2023,,,,No special collections description found. The guide lists a Tax Forms and Archives label without holdings. URL checked: https://greenville.libguides.com/Library,https://greenville.libguides.com/Library,,Library general contact (no director name published),libref@greenville.edu,618-664-6599,https://greenville.libguides.com/Library,Provost's office,Ben Wayman,Provost,,,https://www.greenville.edu/directory,https://greenville.libguides.com/Library | https://www.greenville.edu/directory,,
45,140720,Paine College,GA,Collins-Callaway Library,https://paine.edu/academics/offices/library/,"74,601","353,298","1,101",15.0,"$394,167",2023,,,,"Archives in the P. Randolph Shy Room, second floor: official records, photographs, clippings, correspondence, recordings, publications, artifacts, and Augusta African American community items, available by appointment. Categories listed: Artifacts, Audio, Books, Digital, Manuscript. Also an African American collection and Paine College Digital Collections, including Saving the Voices from Augusta's Past. No size is stated.",https://paine.edu/academics/offices/library/special-collections/,Alana Lewis,"Director of Library, Learning Resource Center",Alewis@paine.edu,(706) 821-8361,https://paine.edu/academics/offices/library/,,,,,,,https://paine.edu/academics/offices/library/special-collections/ | https://paine.edu/academics/offices/library/,,
46,495280,Indian Bible College,AZ,Gordon Fraser Learning Resource Center,https://indigenousbible.edu/academics/lrc/,"10,624",939,338,1.2,not reported,2023,,,,"No named special collection or archive found. The learning resource center describes a teaching collection for curricular, research, and spiritual needs. URLs checked: https://indigenousbible.edu/academics/lrc/; https://indigenousbible.edu/about-ibc/staff-directory/",https://indigenousbible.edu/academics/lrc/,Kelly Johnson,LRC Director,kjohnson@indianbible.org,928-774-3890 ext. 320,https://indigenousbible.edu/academics/lrc/,,,,,,,https://indigenousbible.edu/academics/lrc/ | https://indigenousbible.edu/about-ibc/staff-directory/,,
47,217925,Columbia International University,SC,G. Allen Fleece Library,https://lib.ciu.edu/,"61,221","558,120","81,865",14.0,"$500,000",2023,,,,No special collections found. URL checked: https://lib.ciu.edu/,https://lib.ciu.edu/,,Library general contact (no director name published),ask@ciu.libanswers.com,(803) 807-5109,https://lib.ciu.edu/,,,,,,,https://lib.ciu.edu/,,
48,219833,Christian Brothers University,TN,Plough Library,https://www.cbu.edu/library/about-the-library/,"69,196","370,347","28,822",14.0,"$513,876",2023,,,,"Periodicals and archives are assigned to a library staff member (Maddie Smith, Library Assistant, Periodicals and Archives). Holdings are not described.",https://www.cbu.edu/library/about-the-library/,William Brandon,Library Director,,,https://www.cbu.edu/library/about-the-library/,University main office,,,info@cbu.edu,(901) 321-3000,https://www.cbu.edu/library/about-the-library/,https://www.cbu.edu/library/about-the-library/,,
49,154493,Upper Iowa University,IA,Henderson-Wilder Library,https://uiu.libguides.com/,"65,014","35,869","134,837",9.0,"$217,956",2023,,,,No special collections found. URL checked: https://uiu.libguides.com/,https://uiu.libguides.com/,Katie Brooks and Jeff Childs,Librarians listed on the guides,library@uiu.edu,,https://uiu.libguides.com/,,,,,,,https://uiu.libguides.com/,,
50,494685,Urshan University,MO,David K. Bernard Library,https://urshan.edu/library,"61,834","210,000","130,755",8.0,"$175,642",2021,,,,"No special collections found. The library page describes a general theological, biblical, and academic collection and online resources through EBSCOhost and MOREnet. URL checked: https://urshan.edu/library",https://urshan.edu/library,,Library general contact (no director name published),libraryclerk@urshan.edu,(314) 838-8858,https://urshan.edu/library,,,,,,,https://urshan.edu/library,,
