unitid,opeid8,opeid6,inst_name,state_abbr,year,inst_control,sector,fte,risk_score,enr_pct_chg_5y,enr_pct_chg_1y,discount_rate,operating_margin,tuition_dependence,composite_score,composite_zone,composite_fail,miss_finance,finance_from_parent,year_finance,year_enrollment,year_fall_enrollment,year_admissions,year_staff,year_directory,year_composite,hcm1_current,hcm2_current,hcm2_scorecard,scorecard_operating,scorecard_currently_operating,scorecard_ownership,scorecard_under_investigation,accreditor_public_action,warn_layoff_mention,irs990_ein_verified,irs990_revenue,enrichment_notes,label_complete_h3,closed_or_merged_within_3_years,lib_year,lib_source,lib_physical_books,lib_digital_items,lib_expenditures,lib_fte,lib_staff_fte,lib_arl_member,lib_special_collections_note,lib_unique_flag,lib_note_url,lib_oclc_symbol,lib_worldcat_registry_id,lib_libraries_org_id
491190,02155309,021553,The Chicago School at San Diego,CA,2023,2.0,2.0,51.0,0.980738,-0.17741935483870963,-0.36250000000000004,,,,,,,True,False,2023.0,2024.0,2024.0,2023.0,2024.0,2025.0,,,False,False,1.0,True,2.0,0.0,,False,True,104272547,ProPublica 990 EIN verified,False,,2017.0,urban,17.0,631853.0,,,,False,Web note not collected (outside top-50 / nonprofit shortlist).,False,,,,
241395,00393601,003936,Pontifical Catholic University of Puerto Rico-Arecibo,PR,2023,2.0,2.0,416.0,0.9680577,-0.3008403361344538,0.0,,,,,,,True,False,2023.0,2024.0,2024.0,2024.0,2024.0,2025.0,,,False,False,1.0,True,2.0,0.0,,False,True,81222689,ProPublica 990 EIN verified,False,,2023.0,urban,53347.0,1706.0,139834.0,1.45,4.96,False,Web note not collected (outside top-50 / nonprofit shortlist).,False,,,,
487153,02155308,021553,The Chicago School at Xavier University of Louisiana,LA,2023,2.0,2.0,20.0,0.95451,-0.4444444444444444,-0.09090909090909094,,,,,,,True,False,2023.0,2024.0,2024.0,,2024.0,2025.0,,,False,False,1.0,True,2.0,0.0,,False,True,104272547,ProPublica 990 EIN verified,False,,2017.0,urban,,631853.0,,,,False,Web note not collected (outside top-50 / nonprofit shortlist).,False,,,,
459745,02155306,021553,The Chicago School at Washington DC,DC,2023,2.0,2.0,178.0,0.95240825,-0.4144736842105263,-0.16431924882629112,,,,,,,True,False,2023.0,2024.0,2024.0,,2024.0,2025.0,,,False,False,1.0,True,2.0,0.0,,False,True,17493420,ProPublica 990 EIN verified,False,,2017.0,urban,1340.0,631853.0,177272.0,,,False,Web note not collected (outside top-50 / nonprofit shortlist).,False,,,,
464226,00193722,001937,Ottawa University-Surprise,AZ,2023,2.0,2.0,833.0,0.944632,0.16340782122905018,0.08746736292428192,,,,,,,True,False,2023.0,2024.0,2024.0,2024.0,2024.0,2025.0,,,False,False,1.0,True,2.0,0.0,,False,True,95527258,ProPublica 990 EIN verified,False,,,,,,,,,False,Web note not collected (outside top-50 / nonprofit shortlist).,False,,,,
490601,00247401,002474,Kansas City University,MO,2023,2.0,2.0,642.0,0.9422007,2.962962962962963,-0.6088238573021182,,,,,,,True,False,2023.0,2022.0,2022.0,,2017.0,2023.0,,,False,,,,,,,False,False,,,False,,,,,,,,,False,Web note not collected (outside top-50 / nonprofit shortlist).,False,,,,
477233,00246301,002463,Evangel University-James River Assembly of God Church,MO,2023,2.0,5.0,89.0,0.9376257,,-0.10999999999999999,,,,,,,True,False,2023.0,2024.0,2024.0,2024.0,,2025.0,,,False,False,1.0,True,2.0,0.0,,False,False,,,False,,,,,,,,,False,Web note not collected (outside top-50 / nonprofit shortlist).,False,,,,
492607,02155311,021553,The Chicago School at Dallas,TX,2023,2.0,2.0,219.0,0.93557954,3.6462529754576014,1.2025625067369223,,,,,,,True,False,2023.0,2024.0,2024.0,2023.0,2024.0,2024.0,,,False,,,,,,,False,True,7034068,ProPublica 990 EIN verified,False,,,,,,,,,False,Web note not collected (outside top-50 / nonprofit shortlist).,False,,,,
480198,00322500,003225,Warner Pacific University Professional and Graduate Studies,OR,2023,2.0,2.0,188.0,0.9353665,-0.3539518900343642,0.021739130434782705,,,,2.2,False,False,True,False,2023.0,2024.0,2024.0,2024.0,2020.0,2025.0,2025.0,,False,False,1.0,True,2.0,0.0,,False,True,15221182,ProPublica 990 EIN verified,False,,,,,,,,,False,Web note not collected (outside top-50 / nonprofit shortlist).,False,,,,
475228,04250101,042501,The Colleges of Law at Santa Barbara,CA,2023,2.0,2.0,78.0,0.93526834,-0.03703703703703709,0.026315789473684292,,,,,,,True,False,2023.0,2024.0,2024.0,,2024.0,2025.0,,,False,False,1.0,True,2.0,0.0,,False,True,6178569,ProPublica 990 EIN verified,False,,2023.0,urban,6800.0,4440.0,,0.3,0.3,False,Web note not collected (outside top-50 / nonprofit shortlist).,False,,,,
428259,00193704,001937,Ottawa University-Milwaukee,WI,2023,2.0,2.0,102.0,0.93009526,-0.44565217391304346,0.22891566265060237,,,,,,,True,False,2023.0,2024.0,2024.0,,2024.0,2025.0,,,False,False,1.0,True,2.0,0.0,,False,True,95527258,ProPublica 990 EIN verified,False,,,,,,,,,False,Web note not collected (outside top-50 / nonprofit shortlist).,False,,,,
368771,02545900,025459,Hypnosis Motivation Institute,CA,2023,2.0,5.0,413.0,0.9290894,,,,,,,,,True,False,2025.0,2024.0,2024.0,,2024.0,2025.0,,,False,False,1.0,True,2.0,0.0,,False,True,5879679,ProPublica 990 EIN verified,False,,,,,,,,,False,Web note not collected (outside top-50 / nonprofit shortlist).,False,,,,
455433,02155305,021553,The Chicago School at Anaheim,CA,2023,2.0,2.0,118.0,0.92711264,-0.024793388429752095,0.01724137931034475,,,,,,,True,False,2023.0,2024.0,2024.0,,2024.0,2025.0,,,False,False,1.0,True,2.0,0.0,,False,True,104272547,ProPublica 990 EIN verified,False,,2017.0,urban,610.0,631853.0,,,,False,Web note not collected (outside top-50 / nonprofit shortlist).,False,,,,
245847,00301003,003010,Antioch University-Santa Barbara,CA,2023,2.0,2.0,273.0,0.9266908,-0.014440433212996373,-0.017985611510791366,,,,,,,True,False,2023.0,2024.0,2024.0,,2023.0,2025.0,,,False,False,1.0,True,2.0,0.0,,False,True,82082798,ProPublica 990 EIN verified,False,,2022.0,urban,2244.0,922176.0,,,,False,Web note not collected (outside top-50 / nonprofit shortlist).,False,,,,
498623,04311200,043112,Justice University,AZ,2023,2.0,2.0,108.0,0.9226565,,,,,,,,,True,False,2025.0,2024.0,2024.0,,2024.0,2025.0,,,False,False,1.0,True,2.0,0.0,,False,True,974600,ProPublica 990 EIN verified,False,,2023.0,urban,,4428.0,,1.0,1.0,False,Web note not collected (outside top-50 / nonprofit shortlist).,False,,,,
243586,00393603,003936,Pontifical Catholic University of Puerto Rico-Mayaguez,PR,2023,2.0,2.0,571.0,0.92114097,-0.44129158512720157,-0.05306799336650081,,,,,,,True,False,2023.0,2024.0,2024.0,2024.0,2024.0,2025.0,,,False,False,1.0,True,2.0,0.0,,False,True,81222689,ProPublica 990 EIN verified,False,,2023.0,urban,36843.0,1706.0,201441.0,2.0,6.0,False,Web note not collected (outside top-50 / nonprofit shortlist).,False,,,,
155636,00193702,001937,Ottawa University-Kansas City,KS,2023,2.0,2.0,582.0,0.9184418,0.40240963855421685,0.6121883656509695,,,,,,,True,False,2023.0,2024.0,2024.0,,2024.0,2025.0,,,False,False,1.0,True,2.0,0.0,,False,True,95527258,ProPublica 990 EIN verified,False,,,,,,,,,False,Web note not collected (outside top-50 / nonprofit shortlist).,False,,,,
482705,00219900,002199,Northeastern University Professional Programs,MA,2023,2.0,2.0,7224.0,0.905542,-0.2184355728659526,-0.022991614822829298,,,,3.0,False,False,True,False,2023.0,2024.0,2024.0,,2024.0,2025.0,2025.0,,False,False,1.0,True,2.0,0.0,,False,True,2586227003,ProPublica 990 EIN verified,False,,,,,,,,,False,Web note not collected (outside top-50 / nonprofit shortlist).,False,,,,
434900,03112101,031121,Dewey University-Carolina,PR,2023,2.0,2.0,478.0,0.9046243,-0.15696649029982368,-0.07003891050583655,,,,,,,True,False,2023.0,2024.0,2024.0,,2024.0,2025.0,,,False,False,1.0,True,2.0,0.0,,False,True,12963948,ProPublica 990 EIN verified,False,,2023.0,urban,1193.0,106565.0,,1.0,2.0,False,Web note not collected (outside top-50 / nonprofit shortlist).,False,,,,
215813,00336800,003368,Saint Vincent Seminary,PA,2023,2.0,2.0,89.0,0.9025789,0.3484848484848484,0.059523809523809534,,,,3.0,False,False,True,False,2023.0,2024.0,2024.0,,2024.0,2025.0,2025.0,,False,False,1.0,True,2.0,0.0,,False,True,95957733,ProPublica 990 EIN verified,False,,,,,,,,,False,Web note not collected (outside top-50 / nonprofit shortlist).,False,,,,
469416,03112109,031121,Dewey University-Manati,PR,2023,2.0,2.0,338.0,0.89559096,-0.29729729729729726,-0.09625668449197866,,,,,,,True,False,2023.0,2024.0,2024.0,,2024.0,2025.0,,,False,False,1.0,True,2.0,0.0,,False,True,12963948,ProPublica 990 EIN verified,False,,2023.0,urban,656.0,76522.0,,1.0,2.0,False,Web note not collected (outside top-50 / nonprofit shortlist).,False,,,,
184694,00260701,002607,Fairleigh Dickinson University-Florham Campus,NJ,2023,2.0,2.0,2682.0,0.89518446,-0.10330992978936815,0.018996960486322267,,,,,,,True,False,2023.0,2024.0,2024.0,2024.0,2024.0,2025.0,,,False,False,1.0,True,2.0,0.0,,False,True,275176420,ProPublica 990 EIN verified,False,,2023.0,urban,103931.0,506971.0,971541.0,6.0,13.0,False,Web note not collected (outside top-50 / nonprofit shortlist).,False,,,,
445203,03026501,030265,Remington College-North Houston Campus,TX,2023,2.0,5.0,88.0,0.8947622,-0.8376383763837638,-0.6088238573021182,0.04209265969513071,-0.3400847988464146,0.9086362665573474,,,,False,False,2023.0,2024.0,2024.0,2015.0,2024.0,2024.0,,,False,,,,,,,False,True,36869487,ProPublica 990 EIN verified,False,,2019.0,urban,1639.0,6.0,,0.0,1.0,False,Web note not collected (outside top-50 / nonprofit shortlist).,False,,,,
245865,00301004,003010,Antioch University-New England,NH,2023,2.0,2.0,764.0,0.8926981,0.531062124248497,0.001310615989515096,,,,,,,True,False,2023.0,2024.0,2024.0,,2023.0,2025.0,,,False,False,1.0,True,2.0,0.0,,False,True,82082798,ProPublica 990 EIN verified,False,,2023.0,urban,38345.0,918015.0,1538779.0,6.0,9.0,False,Web note not collected (outside top-50 / nonprofit shortlist).,False,,,,
494287,02165104,021651,EDP University of Puerto Rico-Manati,PR,2023,2.0,2.0,626.0,0.89077127,0.701086956521739,-0.06146926536731634,,,,,,,True,False,2023.0,2024.0,2024.0,2024.0,2024.0,2025.0,,,False,False,1.0,True,2.0,0.0,,False,True,42452657,ProPublica 990 EIN verified,False,,2023.0,urban,11246.0,633526.0,,1.0,3.0,False,Web note not collected (outside top-50 / nonprofit shortlist).,False,,,,
245838,00301002,003010,Antioch University-Los Angeles,CA,2023,2.0,2.0,1090.0,0.8905034,0.3523573200992556,0.017740429505135324,,,,,,,True,False,2023.0,2024.0,2024.0,,2023.0,2025.0,,,False,False,1.0,True,2.0,0.0,,False,True,82082798,ProPublica 990 EIN verified,False,,2022.0,urban,5351.0,922176.0,316466.0,1.0,1.0,False,Web note not collected (outside top-50 / nonprofit shortlist).,False,,,,
497833,00182103,001821,Marian University-Ancilla,IN,2023,2.0,2.0,215.0,0.89024544,,-0.022727272727272707,,,,,,,True,False,2023.0,2024.0,2024.0,2024.0,,2025.0,,,False,False,1.0,True,2.0,0.0,,False,True,175718071,ProPublica 990 EIN verified,False,,,,,,,,,False,Web note not collected (outside top-50 / nonprofit shortlist).,False,,,,
460349,00340400,003404,Johnson & Wales University-Online,RI,2023,2.0,2.0,1962.0,0.8877643,0.6972318339100345,0.11224489795918369,,,,2.9,False,False,True,False,2023.0,2024.0,2024.0,2024.0,2024.0,2025.0,2025.0,,False,False,1.0,True,2.0,0.0,,False,True,342582611,ProPublica 990 EIN verified,False,,,,,,,,,False,Web note not collected (outside top-50 / nonprofit shortlist).,False,,,,
449135,03112107,031121,Dewey University-Juana Díaz,PR,2023,2.0,2.0,426.0,0.8842454,0.5379061371841156,0.1420911528150135,,,,,,,True,False,2023.0,2024.0,2024.0,,2024.0,2025.0,,,False,False,1.0,True,2.0,0.0,,False,True,12963948,ProPublica 990 EIN verified,False,,2023.0,urban,596.0,112000.0,,1.0,2.0,False,Web note not collected (outside top-50 / nonprofit shortlist).,False,,,,
377111,03026506,030265,Remington College-Fort Worth Campus,TX,2023,2.0,5.0,172.0,0.88367796,-0.7049742710120068,-0.36764705882352944,0.02863743287306435,-0.19803887235160217,0.9191979408516131,,,,False,False,2023.0,2024.0,2024.0,2015.0,2024.0,2025.0,,,False,False,1.0,True,2.0,0.0,,False,True,36869487,ProPublica 990 EIN verified,False,,2019.0,urban,1545.0,2071910.0,,1.0,1.0,False,Web note not collected (outside top-50 / nonprofit shortlist).,False,,,,
245883,00301005,003010,Antioch University-Seattle,WA,2023,2.0,2.0,547.0,0.88258004,0.3743718592964824,-0.0369718309859155,,,,,,,True,False,2023.0,2024.0,2024.0,2013.0,2023.0,2025.0,,,False,False,1.0,True,2.0,0.0,,False,True,82082798,ProPublica 990 EIN verified,False,,2022.0,urban,3561.0,922176.0,337883.0,1.0,1.49,False,Web note not collected (outside top-50 / nonprofit shortlist).,False,,,,
245892,00301000,003010,Antioch University,OH,2023,2.0,2.0,410.0,0.87781286,3.6462529754576014,0.0732984293193717,,,,2.2,False,False,True,False,2023.0,2024.0,2024.0,,2023.0,2025.0,2025.0,,False,False,1.0,True,2.0,0.0,,False,True,82082798,ProPublica 990 EIN verified,False,,2022.0,urban,13475.0,922176.0,524995.0,1.0,5.0,False,Web note not collected (outside top-50 / nonprofit shortlist).,False,,,,
445267,00245300,002453,Central Methodist University-College of Graduate and Extended Studies,MO,2023,2.0,2.0,2330.0,0.86843413,0.09647058823529409,0.07870370370370372,,,,3.0,False,False,True,False,2023.0,2024.0,2024.0,2024.0,2024.0,2025.0,2025.0,,False,False,1.0,True,2.0,0.0,,False,True,57521736,ProPublica 990 EIN verified,False,,,,,,,,,False,Web note not collected (outside top-50 / nonprofit shortlist).,False,,,,
497000,03026523,030265,Remington College-Online Dallas,TX,2023,2.0,2.0,114.0,0.83953065,,-0.525,0.004554020471811654,-0.6289820933480644,0.8816222300973505,,,,False,False,2023.0,2023.0,2023.0,,2023.0,2023.0,,,False,,,,,,,False,True,36869487,ProPublica 990 EIN verified,False,,2023.0,urban,,2071910.0,173706.0,0.0,3.0,False,Web note not collected (outside top-50 / nonprofit shortlist).,False,,,,
497824,00246300,002463,Evangel University-College of Online Learning,MO,2023,2.0,2.0,214.0,0.8388662,,0.014218009478673022,,,,,,,True,False,2023.0,2024.0,2024.0,2024.0,2023.0,2025.0,,,False,False,1.0,True,2.0,0.0,,False,True,75187571,ProPublica 990 EIN verified,False,,2022.0,urban,237505.0,338475.0,592687.0,2.0,12.0,False,Web note not collected (outside top-50 / nonprofit shortlist).,False,,,,
241836,02165101,021651,EDP University of Puerto Rico Inc-San Sebastian,PR,2023,2.0,2.0,1216.0,0.8358737,-0.06533435818601074,-0.009771986970684043,,,,,,,True,False,2023.0,2024.0,2024.0,2024.0,2024.0,2025.0,,,False,False,1.0,True,2.0,0.0,,False,True,42452657,ProPublica 990 EIN verified,False,,2023.0,urban,12166.0,677584.0,,1.0,3.0,False,Web note not collected (outside top-50 / nonprofit shortlist).,False,,,,
494278,02165103,021651,EDP University of Puerto Rico-Humacao,PR,2023,2.0,2.0,420.0,0.82629657,1.1989528795811517,0.09375,,,,,,,True,False,2023.0,2024.0,2024.0,2024.0,2024.0,2025.0,,,False,False,1.0,True,2.0,0.0,,False,True,42452657,ProPublica 990 EIN verified,False,,2023.0,urban,690.0,633526.0,,1.0,1.0,False,Web note not collected (outside top-50 / nonprofit shortlist).,False,,,,
492476,02165102,021651,EDP University of Puerto Rico-Villalba,PR,2023,2.0,2.0,510.0,0.82230276,1.7419354838709675,0.4206128133704736,,,,,,,True,False,2023.0,2024.0,2024.0,2024.0,2024.0,2025.0,,,False,False,1.0,True,2.0,0.0,,False,True,42452657,ProPublica 990 EIN verified,False,,2023.0,urban,354.0,633498.0,,1.0,1.0,False,Web note not collected (outside top-50 / nonprofit shortlist).,False,,,,
437732,02155312,021553,The Chicago School-College of Nursing,TX,2023,2.0,5.0,1.0,0.8217694,-0.8401210381483188,-0.6088238573021182,0.03943066772507175,-0.1634455469019332,0.9720038881495168,3.0,False,False,False,False,2019.0,2024.0,2024.0,2022.0,2024.0,2025.0,2025.0,,False,False,1.0,True,2.0,0.0,,False,True,7034068,ProPublica 990 EIN verified,False,,2019.0,urban,2660.0,760356.0,,,,False,Web note not collected (outside top-50 / nonprofit shortlist).,False,,,,
455664,02155300,021553,The Chicago School at Los Angeles,CA,2023,2.0,2.0,2151.0,0.8177112,0.06327236777063772,0.01846590909090917,,,,3.0,False,False,True,False,2023.0,2024.0,2024.0,2024.0,2024.0,2025.0,2025.0,,False,False,1.0,True,2.0,0.0,,False,True,104272547,ProPublica 990 EIN verified,False,,2023.0,urban,24273.0,1047797.0,1473922.0,6.0,11.0,False,Web note not collected (outside top-50 / nonprofit shortlist).,False,,,,
454582,00193700,001937,Ottawa University-Online,KS,2023,2.0,2.0,723.0,0.816366,2.8663101604278074,0.05393586005830908,,,,1.5,False,False,True,False,2023.0,2024.0,2024.0,2018.0,,2025.0,2025.0,,False,False,1.0,True,2.0,0.0,,False,True,95527258,ProPublica 990 EIN verified,False,,,,,,,,,False,Web note not collected (outside top-50 / nonprofit shortlist).,False,,,,
112570,02110200,021102,California College of ASU,CA,2023,2.0,2.0,31.0,0.8088617,-0.8401210381483188,-0.6088238573021182,0.2126889591480651,-1.2454406516263983,0.9742024388883338,1.7,False,False,False,False,2023.0,2024.0,2024.0,2017.0,2024.0,2025.0,2025.0,,False,False,0.0,False,2.0,0.0,,False,True,7206171,ProPublica 990 EIN verified,False,,2023.0,urban,1555.0,230008.0,,0.0,3.0,False,Web note not collected (outside top-50 / nonprofit shortlist).,False,,,,
159948,00201900,002019,New Orleans Baptist Theological Seminary,LA,2023,2.0,2.0,1476.0,0.802859,,,,,,,,,True,False,2025.0,2024.0,2024.0,,2024.0,2025.0,,,False,False,1.0,True,2.0,0.0,,False,True,,ProPublica 990 EIN verified,False,,2023.0,urban,220541.0,279090.0,662450.0,5.0,11.0,False,Web note not collected (outside top-50 / nonprofit shortlist).,False,,,,
495147,04284000,042840,Pacific Northwest Christian College,WA,2023,2.0,5.0,105.0,0.80202425,,-0.03669724770642202,0.2522529060236329,-0.3829211028831204,0.594941930636763,,,,False,False,2023.0,2024.0,2024.0,,2024.0,2025.0,,,False,False,1.0,True,2.0,0.0,,False,True,1425671,ProPublica 990 EIN verified,False,,2023.0,urban,3378.0,11.0,,0.5,1.0,False,Web note not collected (outside top-50 / nonprofit shortlist).,False,,,,
449764,03982300,039823,Visible Music College,TN,2023,2.0,2.0,91.0,0.7949381,-0.5844748858447488,-0.4770114942528736,0.057944739931990924,-0.33938166468678,0.6942389024768177,1.3,True,False,False,False,2023.0,2024.0,2024.0,2024.0,2024.0,2024.0,2024.0,,False,False,1.0,True,2.0,0.0,,False,True,4711667,ProPublica 990 EIN verified,False,,2023.0,urban,5264.0,48.0,,0.0,4.0,False,Web note not collected (outside top-50 / nonprofit shortlist).,False,,,,
499635,02165105,021651,EDP University of Puerto Rico-Caguas,PR,2023,2.0,2.0,515.0,0.7809848,,,,,,,,,True,False,2023.0,2024.0,2024.0,2024.0,2024.0,2025.0,,,False,False,1.0,True,2.0,0.0,,False,True,42452657,ProPublica 990 EIN verified,False,,2023.0,urban,285.0,144075.0,,1.0,2.0,False,Web note not collected (outside top-50 / nonprofit shortlist).,False,,,,
492962,00180500,001805,Indiana Institute of Technology-College of Professional Studies,IN,2023,2.0,2.0,1761.0,0.7790746,-0.32138728323699417,0.1216560509554141,,,,3.0,False,False,True,False,2023.0,2024.0,2024.0,,,2025.0,2025.0,,False,False,1.0,True,2.0,0.0,,False,True,87182224,ProPublica 990 EIN verified,False,,,,,,,,,False,Web note not collected (outside top-50 / nonprofit shortlist).,False,,,,
190071,00644300,006443,Cochran School of Nursing,NY,2023,2.0,5.0,74.0,0.75595313,0.42307692307692313,0.013698630136986356,0.2227394710231294,-1.2454406516263983,0.7774245596105064,-0.8,False,True,False,False,2023.0,2024.0,2024.0,,2024.0,2025.0,2025.0,,False,False,1.0,True,2.0,0.0,,False,True,314133493,ProPublica 990 EIN verified,False,,2023.0,urban,784.0,742.0,267553.0,2.0,2.0,False,Web note not collected (outside top-50 / nonprofit shortlist).,False,,,,
233480,02358500,023585,Bon Secours St Mary's Hospital School of Medical Imaging,VA,2023,2.0,5.0,37.0,0.7555547,,0.2333333333333334,0.023433252722943967,-1.2454406516263983,0.9603867256597336,,,,False,False,2023.0,2024.0,2024.0,,2024.0,2025.0,,,False,False,1.0,True,2.0,0.0,,False,True,775542825,ProPublica 990 EIN verified,False,,2023.0,urban,666.0,183586.0,,1.0,1.0,False,Web note not collected (outside top-50 / nonprofit shortlist).,False,,,,
451866,03026513,030265,Remington College-Shreveport Campus,LA,2023,2.0,2.0,298.0,0.7551022,-0.2587064676616916,-0.3288288288288288,0.03651253691524872,0.2720750948483624,0.9288345697687707,,,,False,False,2023.0,2024.0,2024.0,2015.0,2024.0,2025.0,,,False,False,1.0,True,2.0,0.0,,False,True,36869487,ProPublica 990 EIN verified,False,,2019.0,urban,1860.0,1271430.0,,0.0,1.0,False,Web note not collected (outside top-50 / nonprofit shortlist).,False,,,,
494250,02609403,026094,Valley College-Cleveland,OH,2023,2.0,5.0,771.0,0.75254095,3.6462529754576014,-0.3680327868852459,0.022149645745265036,-0.007428660635856506,0.8507437940064986,,,,False,False,2023.0,2024.0,2024.0,,2024.0,2025.0,,,False,False,1.0,True,2.0,0.0,,,,,,False,,2023.0,urban,,420667.0,,4.0,4.0,False,Web note not collected (outside top-50 / nonprofit shortlist).,False,,,,
107123,02330800,023308,Jefferson Regional School of Nursing,AR,2023,2.0,5.0,86.0,0.6991125,-0.0337078651685393,-0.0444444444444444,0.032876181981686174,-0.2390185426557193,0.6827371412706636,2.9,False,False,False,False,2023.0,2024.0,2024.0,,2024.0,2025.0,2025.0,,False,False,1.0,True,2.0,0.0,,,,,,False,,2023.0,urban,,15480.0,,,,False,Web note not collected (outside top-50 / nonprofit shortlist).,False,,,,
499875,04293100,042931,Mosdos Yaakov V'Yisroel,NJ,2023,2.0,2.0,692.0,0.69646025,,,,,,,,,True,False,2025.0,2024.0,2024.0,2024.0,2024.0,2025.0,,,False,False,1.0,True,2.0,0.0,,,,,,False,,2023.0,urban,20000.0,1.0,,,,False,Web note not collected (outside top-50 / nonprofit shortlist).,False,,,,
475273,00221100,002211,"Springfield College-Regional, Online, and Continuing Education",MA,2023,2.0,2.0,268.0,0.6947717,-0.5982008995502248,0.1806167400881058,0.03801767359348838,0.5420998453631216,0.8597677924215258,2.8,False,False,False,False,2023.0,2024.0,2024.0,,2024.0,2025.0,2025.0,,False,False,1.0,True,2.0,0.0,,,,,,False,,,,,,,,,False,Web note not collected (outside top-50 / nonprofit shortlist).,False,,,,
444778,03827300,038273,Charlotte Christian College and Theological Seminary,NC,2023,2.0,2.0,26.0,0.68566984,-0.7173913043478262,-0.38095238095238093,0.0259425035937475,-0.7891829941308728,0.8216529915029054,0.6,False,True,False,False,2023.0,2024.0,2024.0,,2024.0,2025.0,2025.0,,False,False,1.0,True,2.0,0.0,,,,,,False,,2023.0,urban,26911.0,1486.0,,1.0,1.0,False,Web note not collected (outside top-50 / nonprofit shortlist).,False,,,,
493619,04277100,042771,Young Americans College of the Performing Arts,CA,2023,2.0,5.0,18.0,0.6797892,-0.8401210381483188,0.0,0.059352185089974294,0.5420998453631216,1.0,,,,False,False,2023.0,2024.0,2024.0,2024.0,2024.0,2025.0,,,False,,,,,,,,,,,False,,2023.0,urban,,70860.0,,1.0,2.0,False,Web note not collected (outside top-50 / nonprofit shortlist).,False,,,,
412599,03026517,030265,Remington College-Memphis Campus,TN,2023,2.0,5.0,484.0,0.67071444,-0.4068627450980392,-0.09532710280373835,0.0325345926811604,0.04458663244236023,0.9192044798788956,,,,False,False,2023.0,2024.0,2024.0,2015.0,2024.0,2025.0,,,False,False,1.0,True,2.0,0.0,,,,,,False,,2019.0,urban,998.0,0.0,,0.0,1.0,False,Web note not collected (outside top-50 / nonprofit shortlist).,False,,,,
190451,00644500,006445,Pomeroy College of Nursing at Crouse Hospital,NY,2023,2.0,5.0,143.0,0.6700412,-0.12269938650306744,0.059259259259259345,0.41549476356164144,-0.5140790020127601,0.4902397968918986,-0.1,False,True,False,False,2023.0,2024.0,2024.0,2024.0,2024.0,2025.0,2025.0,,False,False,1.0,True,2.0,0.0,,,,,,False,,2023.0,urban,2300.0,13041.0,307815.0,0.6,0.6,False,Web note not collected (outside top-50 / nonprofit shortlist).,False,,,,
445249,03026519,030265,Remington College-Nashville Campus,TN,2023,2.0,5.0,342.0,0.66156536,-0.15136476426799006,-0.16176470588235292,0.03157537208219922,-0.06309704048430588,0.9461246374006765,,,,False,False,2023.0,2024.0,2024.0,2015.0,2024.0,2025.0,,,False,False,1.0,True,2.0,0.0,,,,,,False,,2019.0,urban,1000.0,15.0,,,,False,Web note not collected (outside top-50 / nonprofit shortlist).,False,,,,
440271,03026515,030265,Remington College-Baton Rouge Campus,LA,2023,2.0,5.0,237.0,0.65595746,0.6690140845070423,0.0,0.05550743805058334,0.2214835091274355,0.9360202430546155,,,,False,False,2023.0,2024.0,2024.0,2015.0,2024.0,2025.0,,,False,False,1.0,True,2.0,0.0,,,,,,False,,2019.0,urban,139.0,2071910.0,,,,False,Web note not collected (outside top-50 / nonprofit shortlist).,False,,,,
494463,04280500,042805,Derech Hachaim Seminary,NY,2023,2.0,5.0,,0.6513806,,,,,,,,,True,False,2025.0,,,,,2025.0,,,False,False,1.0,True,2.0,0.0,,,,,,False,,,,,,,,,False,Web note not collected (outside top-50 / nonprofit shortlist).,False,,,,
209603,00320700,003207,Pacific Northwest College of Art,OR,2023,2.0,2.0,486.0,0.64123684,-0.07428571428571429,0.09213483146067425,0.459263921145195,0.0219697335392933,0.6411151788692095,2.2,False,False,False,False,2020.0,2023.0,2023.0,2023.0,2023.0,2023.0,2023.0,,False,False,1.0,True,2.0,0.0,,,,,,False,,2020.0,urban,40267.0,105.0,227054.0,0.0,3.45,False,"Named holdings: Pacific Northwest Artists Archive at Willamette University Archives (PNCA is now part of Willamette). Related WorldCat identity is Willamette Hatfield Library OCLC OWS / Registry 2445 (Willamette UNITID 210401), not a PNCA-owned OCLC symbol.",True,https://library.willamette.edu/archives/,,,
124487,03403300,034033,Epic Bible College & Graduate School,CA,2023,2.0,2.0,57.0,0.6299975,-0.6041666666666667,0.0,0.05475544077423119,-0.7773223243571015,0.7617511576307158,1.7,False,False,False,False,2023.0,2024.0,2024.0,2016.0,2024.0,2025.0,2025.0,,False,False,1.0,True,2.0,0.0,,,,,,False,,2023.0,urban,42726.0,5005.0,,1.0,3.0,False,Web note not collected (outside top-50 / nonprofit shortlist).,False,,,,
496973,00962113,009621,Herzing University-Tampa,FL,2023,2.0,2.0,265.0,0.62757385,,-0.07986111111111116,0.1738007278982462,-0.5512669308069515,0.858542207821723,,,,False,False,2023.0,2024.0,2024.0,2024.0,2024.0,2025.0,,,False,False,1.0,True,2.0,0.0,,,,,,False,,2023.0,urban,,563822.0,,0.0,0.0,False,Web note not collected (outside top-50 / nonprofit shortlist).,False,,,,
135610,00177201,001772,Trinity International University-Florida,FL,2023,2.0,2.0,112.0,0.6241938,-0.22758620689655173,0.2727272727272727,0.19866999168744803,-0.31204745747207924,0.9141809283964452,,,,False,False,2022.0,2023.0,2023.0,2008.0,2023.0,2023.0,,,False,,,,,,,,,,,False,,2022.0,urban,,38832.0,,,,False,Web note not collected (outside top-50 / nonprofit shortlist).,False,,,,
164614,03248300,032483,Boston Baptist College,MA,2023,2.0,2.0,16.0,0.6167708,-0.6444444444444444,-0.36,0.2599899617775375,-0.15288675354003203,0.3978969118093241,0.3,False,True,False,False,2023.0,2024.0,2024.0,2024.0,2024.0,2025.0,2025.0,,False,False,1.0,True,2.0,0.0,,,,,,False,,2023.0,urban,70712.0,260000.0,,1.0,3.0,False,Web note not collected (outside top-50 / nonprofit shortlist).,False,,,,
496706,04293900,042939,Lakewood University,OH,2023,2.0,2.0,247.0,0.61155593,,-0.3975609756097561,0.15566137077822878,-0.2087220302181722,1.0,,,,False,False,2023.0,2023.0,2023.0,,2023.0,2023.0,,,False,,,,,,,,,,,False,,2023.0,urban,,6448.0,,0.0,2.0,False,Web note not collected (outside top-50 / nonprofit shortlist).,False,,,,
160524,03026514,030265,Remington College-Lafayette Campus,LA,2023,2.0,5.0,258.0,0.6087433,-0.417607223476298,-0.32105263157894737,0.051831183583439924,0.2398087397605004,0.9242695019626602,1.7,False,False,False,False,2023.0,2024.0,2024.0,2015.0,2024.0,2025.0,2025.0,,False,False,1.0,True,2.0,0.0,,,,,,False,,2019.0,urban,1364.0,0.0,,1.0,1.0,False,Web note not collected (outside top-50 / nonprofit shortlist).,False,,,,
451857,03026504,030265,Remington College-Houston Southeast Campus,TX,2023,2.0,5.0,137.0,0.6024508,-0.520979020979021,0.2685185185185186,0.06412508291412494,-0.6368206567976858,0.9401556916794283,,,,False,False,2023.0,2024.0,2024.0,2015.0,2024.0,2025.0,,,False,False,1.0,True,2.0,0.0,,,,,,False,,2019.0,urban,2123.0,1271430.0,,1.0,1.0,False,Web note not collected (outside top-50 / nonprofit shortlist).,False,,,,
147129,00622800,006228,Methodist College,IL,2023,2.0,2.0,297.0,0.58883387,-0.5194174757281553,-0.23453608247422686,0.016173146027261484,-0.41044668891331804,0.9486176821202967,3.0,False,False,False,False,2023.0,2024.0,2024.0,2024.0,2024.0,2025.0,2025.0,,False,False,1.0,True,2.0,0.0,,,,,,False,,2023.0,urban,5765.0,881537.0,178163.0,1.0,2.0,False,Web note not collected (outside top-50 / nonprofit shortlist).,False,,,,
195173,00282000,002820,St. Francis College,NY,2023,2.0,2.0,3751.0,0.5834502,0.4956140350877194,0.025704129067541714,0.3840741747607242,-0.35648880192865906,0.7884512860690212,2.2,False,False,False,False,2023.0,2024.0,2024.0,2022.0,2024.0,2025.0,2025.0,,False,False,1.0,True,2.0,0.0,,,,,,False,,2023.0,urban,13703.0,446199.0,954085.0,4.5,9.0,False,Web note not collected (outside top-50 / nonprofit shortlist).,False,,,,
414878,00183901,001839,Trine University-Regional/Non-Traditional Campuses,IN,2023,2.0,2.0,6562.0,0.58047956,3.6462529754576014,0.1311842785726598,,,,,,,True,False,2023.0,2024.0,2024.0,2024.0,,2025.0,,,False,False,1.0,True,2.0,0.0,,,,,,False,,2017.0,urban,380.0,6745.0,,,,False,Web note not collected (outside top-50 / nonprofit shortlist).,False,,,,
164085,02578400,025784,Maryland University of Integrative Health,MD,2023,2.0,2.0,544.0,0.5779421,-0.07640067911714776,-0.3853107344632768,0.021307887824030553,0.00178070072319617,0.9145967841663244,-0.2,False,True,False,False,2023.0,2024.0,2024.0,,2024.0,2024.0,2024.0,,False,,,,,,,,,,,False,,2023.0,urban,8586.0,6678.0,144387.0,1.5,1.5,False,Web note not collected (outside top-50 / nonprofit shortlist).,False,,,,
456481,02100001,021000,Polytechnic University of Puerto Rico-Miami,FL,2023,2.0,2.0,18.0,0.5748939,-0.8401210381483188,-0.28,0.0,-1.2454406516263983,0.9113837570098778,,,,False,False,2023.0,2024.0,2024.0,,2024.0,2025.0,,,False,False,0.0,False,2.0,0.0,,,,,,False,,2023.0,urban,,213623.0,,,,False,Web note not collected (outside top-50 / nonprofit shortlist).,False,,,,
195289,00924800,009248,Samaritan Hospital School of Nursing,NY,2023,2.0,5.0,53.0,0.5718151,-0.4421052631578948,-0.29333333333333333,0.07661987649121509,-0.63747109036865,0.6807483891072887,2.7,False,False,False,False,2023.0,2024.0,2024.0,2024.0,2024.0,2025.0,2025.0,,False,False,1.0,True,2.0,0.0,,,,,,False,,2023.0,urban,403.0,904.0,120969.0,0.5,1.5,False,Web note not collected (outside top-50 / nonprofit shortlist).,False,,,,
188517,00267807,002678,Bryant & Stratton College-Albany,NY,2023,2.0,2.0,222.0,0.56716686,-0.39178082191780816,0.27586206896551735,0.32068974818309864,-0.8740616491731666,1.0,,,,False,False,2023.0,2024.0,2024.0,2010.0,2024.0,2025.0,,,False,False,1.0,True,2.0,0.0,,,,,,False,,2023.0,urban,,5885.0,,1.0,1.0,False,Web note not collected (outside top-50 / nonprofit shortlist).,False,,,,
500087,04298300,042983,Doral College,FL,2023,2.0,2.0,,0.5640328,,,,,,,,,True,False,2025.0,,,,,2025.0,,,False,False,1.0,True,2.0,0.0,,,,,,False,,2023.0,urban,,136.0,,1.5,1.5,False,Web note not collected (outside top-50 / nonprofit shortlist).,False,,,,
481155,04206400,042064,Helms College,GA,2023,2.0,5.0,220.0,0.5620687,-0.2971246006389776,0.3580246913580247,0.031965167701007303,-0.8401617499881207,0.5559047107216093,1.6,False,False,False,False,2023.0,2024.0,2024.0,,2024.0,2025.0,2025.0,,False,False,1.0,True,2.0,0.0,,,,,,False,,,,,,,,,False,Web note not collected (outside top-50 / nonprofit shortlist).,False,,,,
497037,00353700,003537,Abilene Christian University-Undergraduate Online,TX,2023,2.0,2.0,1521.0,0.54724115,,0.4667309546769527,,,,,,,True,False,2023.0,2024.0,2024.0,2024.0,2021.0,2025.0,,,False,False,1.0,True,2.0,0.0,,,,,,False,,,,,,,,,False,Web note not collected (outside top-50 / nonprofit shortlist).,False,,,,
500713,04285100,042851,Virginia Christian College,VA,2023,2.0,2.0,,0.5461585,,,,,,,,,True,False,2025.0,,,,,2025.0,,,False,False,1.0,True,2.0,0.0,,,,,,False,,,,,,,,,False,Web note not collected (outside top-50 / nonprofit shortlist).,False,,,,
389745,04316800,043168,Mercaz Hatorah of Belle Harbor,NY,2023,2.0,2.0,,0.5461585,,,,,,,,,True,False,2025.0,,,,,2025.0,,,False,False,1.0,True,2.0,0.0,,,,,,False,,,,,,,,,False,Web note not collected (outside top-50 / nonprofit shortlist).,False,,,,
500829,04313900,043139,Northpoint College,MI,2023,2.0,2.0,,0.5461585,,,,,,,,,True,False,2025.0,,,,,2025.0,,,False,False,1.0,True,2.0,0.0,,,,,,False,,,,,,,,,False,Web note not collected (outside top-50 / nonprofit shortlist).,False,,,,
501521,00962116,009621,Herzing University-Clarksville,TN,2023,2.0,2.0,,0.5461585,,,,,,,,,True,False,2025.0,,,,,2025.0,,,False,False,1.0,True,2.0,0.0,,,,,,False,,,,,,,,,False,Web note not collected (outside top-50 / nonprofit shortlist).,False,,,,
498234,04306400,043064,Larkin University,FL,2023,2.0,2.0,,0.5461585,,,,,,,,,True,False,2025.0,,,,,2025.0,,,False,False,1.0,True,2.0,0.0,,,,,,False,,2023.0,urban,368.0,118196.0,393884.0,1.0,1.0,False,Web note not collected (outside top-50 / nonprofit shortlist).,False,,,,
493974,04271900,042719,College of Athens,GA,2023,2.0,2.0,,0.5461585,,,,,,,,,True,False,2025.0,,,,,2025.0,,,False,False,1.0,True,2.0,0.0,,,,,,False,,2023.0,urban,10103.0,35721.0,,1.0,1.0,False,Web note not collected (outside top-50 / nonprofit shortlist).,False,,,,
500810,04313600,043136,Bet Midrash Ohel Torah,NJ,2023,2.0,2.0,,0.5461585,,,,,,,,,True,False,2025.0,,,,,2025.0,,,False,False,1.0,True,2.0,0.0,,,,,,False,,,,,,,,,False,Web note not collected (outside top-50 / nonprofit shortlist).,False,,,,
501105,00108801,001088,Lyon College-School of Dental Medicine,AR,2023,2.0,2.0,,0.5461585,,,,,,,,,True,False,2025.0,,,,,2025.0,,,False,False,1.0,True,2.0,0.0,,,,,,False,,,,,,,,,False,Web note not collected (outside top-50 / nonprofit shortlist).,False,,,,
500740,04308200,043082,Congregation YMH,NY,2023,2.0,2.0,,0.5461585,,,,,,,,,True,False,2025.0,,,,,2025.0,,,False,False,1.0,True,2.0,0.0,,,,,,False,,,,,,,,,False,Web note not collected (outside top-50 / nonprofit shortlist).,False,,,,
500759,04308600,043086,Eisek Hatorah DRachmistrivka,NY,2023,2.0,2.0,,0.5461585,,,,,,,,,True,False,2025.0,,,,,2025.0,,,False,False,1.0,True,2.0,0.0,,,,,,False,,,,,,,,,False,Web note not collected (outside top-50 / nonprofit shortlist).,False,,,,
501390,04314100,043141,Yeshiva Gedola Amidei Dgirsa,NY,2023,2.0,2.0,,0.5461585,,,,,,,,,True,False,2025.0,,,,,2025.0,,,False,False,1.0,True,2.0,0.0,,,,,,False,,,,,,,,,False,Web note not collected (outside top-50 / nonprofit shortlist).,False,,,,
501549,02155314,021553,The Chicago School at Dallas,TX,2023,2.0,2.0,,0.5461585,,,,,,,,,True,False,2025.0,,,,,2025.0,,,False,False,1.0,True,2.0,0.0,,,,,,False,,,,,,,,,False,Web note not collected (outside top-50 / nonprofit shortlist).,False,,,,
501345,04317100,043171,Chicago College of Oriental Medicine,IL,2023,2.0,2.0,,0.5461585,,,,,,,,,True,False,2025.0,,,,,2025.0,,,False,False,1.0,True,2.0,0.0,,,,,,False,,,,,,,,,False,Web note not collected (outside top-50 / nonprofit shortlist).,False,,,,
143297,00621400,006214,Blessing Rieman College of Nursing and Health Sciences,IL,2023,2.0,2.0,151.0,0.54162526,-0.08484848484848484,-0.12209302325581395,0.352994864544032,0.0,0.34785801329997773,3.0,False,False,False,False,2023.0,2024.0,2024.0,2007.0,2024.0,2025.0,2025.0,,False,False,1.0,True,2.0,0.0,,,,,,False,,2023.0,urban,2411.0,5842.0,494663.0,1.0,6.0,False,Web note not collected (outside top-50 / nonprofit shortlist).,False,,,,
238193,00383200,003832,Alverno College,WI,2023,2.0,2.0,1222.0,0.529228,-0.11513396089790007,-0.18041582830315228,0.3982424030745672,-0.28440226321623974,0.6118925019049929,2.6,False,False,False,False,2023.0,2024.0,2024.0,2024.0,2024.0,2025.0,2025.0,,False,False,1.0,True,2.0,0.0,,,,,,False,,2023.0,urban,21932.0,821077.0,544432.0,3.5,15.5,False,Web note not collected (outside top-50 / nonprofit shortlist).,False,,,,
488785,04259700,042597,University of Saint Katherine,CA,2023,2.0,2.0,262.0,0.52723444,0.3789473684210527,0.27184466019417486,0.3980055437497866,-0.4858320721191715,0.9076927380303473,,,,False,False,2022.0,2023.0,2023.0,2023.0,2023.0,2023.0,,,False,,,,,,,,,,,False,,2022.0,urban,10289.0,5334.0,,0.03,0.03,False,Web note not collected (outside top-50 / nonprofit shortlist).,False,,,,
188915,00643500,006435,Arnot Ogden Medical Center,NY,2023,2.0,5.0,50.0,0.5271281,0.7241379310344827,0.7241379310344827,0.154017939972945,-1.2454406516263983,1.0,,,,False,False,2023.0,2024.0,2024.0,2024.0,2024.0,2025.0,,,False,False,1.0,True,2.0,0.0,,,,,,False,,2023.0,urban,2000.0,65287.0,,,,False,Web note not collected (outside top-50 / nonprofit shortlist).,False,,,,
148016,00174400,001744,Principia College,IL,2023,2.0,2.0,,0.5239204,,,,,,,,,True,False,2025.0,,,,,2025.0,,,False,False,1.0,True,2.0,0.0,,,,,,False,,2023.0,urban,142652.0,883270.0,573329.0,3.0,8.25,False,Web note not collected (outside top-50 / nonprofit shortlist).,False,,,,
455770,04153900,041539,Providence Christian College,CA,2023,2.0,2.0,170.0,0.512042,0.17241379310344818,0.0691823899371069,0.6646389703226727,-0.11249805694428697,0.20557965548681298,1.4,True,False,False,False,2023.0,2024.0,2024.0,2024.0,2024.0,2025.0,2025.0,,False,False,1.0,True,2.0,0.0,,,,,,False,,2023.0,urban,18778.0,180796.0,,0.0,1.25,False,Web note not collected (outside top-50 / nonprofit shortlist).,False,,,,
499149,00962114,009621,Herzing University-Nashville,TN,2023,2.0,2.0,234.0,0.51061934,,1.034782608695652,0.12801929729408354,-1.2454406516263983,0.9768221057195791,,,,False,False,2023.0,2024.0,2024.0,2024.0,2024.0,2025.0,,,False,False,1.0,True,2.0,0.0,,,,,,False,,2023.0,urban,,563822.0,,0.0,0.0,False,Web note not collected (outside top-50 / nonprofit shortlist).,False,,,,
375416,03026511,030265,Remington College-Cleveland Campus,OH,2023,2.0,5.0,252.0,0.5090569,-0.5785953177257526,0.15596330275229353,0.07284821062529727,-0.17074935075624129,0.9069605465765963,,,,False,False,2023.0,2024.0,2024.0,2015.0,2024.0,2025.0,,,False,False,1.0,True,2.0,0.0,,,,,,False,,2019.0,urban,460.0,1271430.0,,0.0,1.0,False,Web note not collected (outside top-50 / nonprofit shortlist).,False,,,,
449481,03888300,038883,Dragon Rises College of Oriental Medicine,FL,2023,2.0,2.0,151.0,0.5088382,1.6964285714285716,0.33628318584070804,0.008480481046706725,-0.00876588845852621,0.8237977187053364,2.7,False,False,False,False,2023.0,2024.0,2024.0,,2024.0,2025.0,2025.0,,False,False,1.0,True,2.0,0.0,,,,,,False,,2023.0,urban,2406.0,4.0,,0.0,3.0,False,Web note not collected (outside top-50 / nonprofit shortlist).,False,,,,
225876,00357900,003579,Jacksonville College-Main Campus,TX,2023,2.0,5.0,347.0,0.4986045,-0.1237373737373737,-0.049315068493150704,0.300749028277173,-0.2411684944067027,0.470505567028879,1.2,True,False,False,False,2023.0,2024.0,2024.0,,2024.0,2025.0,2025.0,,False,False,1.0,True,2.0,0.0,,,,,,False,,2023.0,urban,6226.0,18029684.0,,1.0,3.0,False,Web note not collected (outside top-50 / nonprofit shortlist).,False,,,,
459851,00962104,009621,Herzing University-Brookfield,WI,2023,2.0,2.0,420.0,0.49619457,-0.32799999999999996,-0.023255813953488413,0.16817449000215187,-0.25071888630395267,0.9438307576627025,,,,False,False,2023.0,2024.0,2024.0,2024.0,2024.0,2025.0,,,False,False,1.0,True,2.0,0.0,,,,,,False,,2023.0,urban,0.0,563822.0,,0.0,0.0,False,Web note not collected (outside top-50 / nonprofit shortlist).,False,,,,
165167,02182900,021829,Cambridge College,MA,2023,2.0,2.0,1343.0,0.4950217,-0.3088008234688626,-0.0088560885608856,0.23576391326133572,-0.9415671417849494,0.8330272014435717,3.0,False,False,False,False,2023.0,2024.0,2024.0,,2024.0,2025.0,2025.0,,False,False,1.0,True,2.0,0.0,,,,,,False,,2023.0,urban,,958892.0,293184.0,1.0,1.0,False,Web note not collected (outside top-50 / nonprofit shortlist).,False,,,,
417734,03070900,030709,Southeast Missouri Hospital College of Nursing and Health Sciences,MO,2023,2.0,2.0,159.0,0.4936684,0.22307692307692317,0.12765957446808507,0.017995864367489508,-0.4854908490219728,0.7612398832310732,2.4,False,False,False,False,2023.0,2024.0,2024.0,2024.0,2024.0,2025.0,2025.0,,False,False,1.0,True,2.0,0.0,,,,,,False,,2023.0,urban,,6995.0,,,,False,Web note not collected (outside top-50 / nonprofit shortlist).,False,,,,
486284,04227800,042278,Bethany Global University,MN,2023,2.0,2.0,81.0,0.4920777,-0.7724719101123596,-0.554945054945055,0.5498940309184192,-0.1318668131707112,0.112806610510793,1.5,False,False,False,False,2023.0,2024.0,2024.0,2024.0,2024.0,2025.0,2025.0,,False,False,1.0,True,2.0,0.0,,,,,,False,,2023.0,urban,,36.0,,,,False,Web note not collected (outside top-50 / nonprofit shortlist).,False,,,,
386153,02556700,025567,Seminar L'moros Bais Yaakov,NY,2023,2.0,5.0,377.0,0.49029264,-0.1547085201793722,0.01072386058981234,0.18726915784307405,-0.3900228669500647,0.8170151272397789,1.5,False,False,False,False,2023.0,2024.0,2024.0,2024.0,2024.0,2025.0,2025.0,,False,False,1.0,True,2.0,0.0,,,,,,False,,2023.0,urban,2000.0,0.0,,0.0,0.3,False,Web note not collected (outside top-50 / nonprofit shortlist).,False,,,,
446640,03948300,039483,Harrisburg University of Science and Technology,PA,2023,2.0,2.0,2984.0,0.48897347,-0.1442500716948667,-0.012247600132406444,0.1394538635302479,-0.2631946435889632,0.8152305155017089,2.6,False,False,False,False,2023.0,2024.0,2024.0,2024.0,2024.0,2025.0,2025.0,,False,False,1.0,True,2.0,0.0,,,,,,False,,2023.0,urban,4996.0,646187.0,744645.0,1.0,1.0,False,Web note not collected (outside top-50 / nonprofit shortlist).,False,,,,
366535,03026516,030265,Remington College-Mobile Campus,AL,2023,2.0,5.0,270.0,0.48565185,-0.32835820895522383,-0.17682926829268297,0.03569898075051443,0.08181937377210344,0.946519473179161,,,,False,False,2023.0,2024.0,2024.0,2015.0,2024.0,2025.0,,,False,False,1.0,True,2.0,0.0,,,,,,False,,2019.0,urban,760.0,1271430.0,,0.0,1.0,False,Web note not collected (outside top-50 / nonprofit shortlist).,False,,,,
189413,01302900,013029,Boricua College,NY,2023,2.0,2.0,644.0,0.48420054,-0.3866666666666667,-0.09677419354838712,0.18153418913612948,-0.2965540252672941,0.7488483741180587,3.0,False,False,False,False,2023.0,2024.0,2024.0,2009.0,2024.0,2025.0,2025.0,,False,False,1.0,True,2.0,0.0,,,,,,False,,2023.0,urban,40400.0,40774.0,241823.0,3.0,4.0,False,Web note not collected (outside top-50 / nonprofit shortlist).,False,,,,
179894,00252100,002521,Webster University,MO,2023,2.0,2.0,6380.0,0.4810429,-0.0634174985320024,0.028203062046736393,0.22180786776689473,-0.13178401027472142,0.7890464848214246,2.2,False,False,False,False,2023.0,2024.0,2024.0,2024.0,2024.0,2025.0,2025.0,,False,False,1.0,True,2.0,0.0,,,,,,False,,2023.0,urban,154096.0,889878.0,2648190.0,11.4,19.6,False,Web note not collected (outside top-50 / nonprofit shortlist).,False,,,,
232618,02175800,021758,Centra College,VA,2023,2.0,2.0,195.0,0.47781947,-0.06698564593301437,0.23417721518987333,0.030733773142243945,-0.8712876884960942,0.9868371492005512,3.0,False,False,False,False,2023.0,2024.0,2024.0,2024.0,2024.0,2025.0,2025.0,,False,False,1.0,True,2.0,0.0,,,,,,False,,,,,,,,,False,Web note not collected (outside top-50 / nonprofit shortlist).,False,,,,
493707,04279600,042796,Yeshiva Gedolah of Woodlake Village,NJ,2023,2.0,2.0,85.0,0.47347555,0.0625,-0.0957446808510638,0.3221232431364695,-0.13089692033241151,0.5746853696601225,,,,False,False,2023.0,2024.0,2024.0,2024.0,2024.0,2025.0,,,False,False,1.0,True,2.0,0.0,,,,,,False,,2023.0,urban,6600.0,1.0,,,,False,Web note not collected (outside top-50 / nonprofit shortlist).,False,,,,
198677,03089300,030893,Heritage Bible College,NC,2023,2.0,2.0,21.0,0.46982107,-0.4878048780487805,0.050000000000000044,0.03681254841208366,-0.4149722096991276,0.6797352928594229,1.3,True,False,False,False,2023.0,2024.0,2024.0,,2024.0,2025.0,2025.0,,False,False,1.0,True,2.0,0.0,,,,,,False,,2023.0,urban,48.0,375550.0,,1.0,1.0,False,Web note not collected (outside top-50 / nonprofit shortlist).,False,,,,
166911,02063000,020630,Montserrat College of Art,MA,2023,2.0,2.0,233.0,0.46559983,-0.35635359116022103,-0.22847682119205293,0.45974544786843613,-0.23140529746630598,0.5961231382332565,2.5,False,False,False,False,2023.0,2024.0,2024.0,2005.0,2024.0,2025.0,2025.0,,False,False,1.0,True,2.0,0.0,,,,,,False,,2023.0,urban,12390.0,122475.0,117574.0,1.0,2.0,False,Web note not collected (outside top-50 / nonprofit shortlist).,False,,,,
487968,04242800,042428,CAAN Academy of Nursing,IL,2023,2.0,5.0,66.0,0.46338257,,0.0,0.0994155740565736,-0.019173414247619418,0.9005844259434264,,,,False,False,2023.0,2024.0,2024.0,,2024.0,2025.0,,,False,False,1.0,True,2.0,0.0,,,,,,False,,2023.0,urban,11.0,0.0,,,,False,Web note not collected (outside top-50 / nonprofit shortlist).,False,,,,
497693,04300700,043007,Kansas Health Science University,KS,2023,2.0,2.0,401.0,0.46136427,,0.7665198237885462,0.013820744407091964,-0.6083297456890873,0.8099950190688165,,,,False,False,2023.0,2024.0,2024.0,,,2025.0,,,False,False,1.0,True,2.0,0.0,,,,,,False,,2023.0,urban,,1050056.0,538579.0,1.0,1.0,False,Web note not collected (outside top-50 / nonprofit shortlist).,False,,,,
231785,00267811,002678,Bryant & Stratton College-Virginia Beach,VA,2023,2.0,2.0,1390.0,0.4577764,0.015339663988312546,0.2894248608534322,0.19613726978976442,-0.2648758709290191,0.9998131815952735,,,,False,False,2023.0,2024.0,2024.0,,2024.0,2025.0,,,False,False,1.0,True,2.0,0.0,,,,,,False,,2023.0,urban,,5885.0,155753.0,1.0,1.0,False,Web note not collected (outside top-50 / nonprofit shortlist).,False,,,,
480569,00146900,001469,Florida Institute of Technology-Online,FL,2023,2.0,2.0,815.0,0.45746705,-0.5039561777236762,-0.11316648531011975,0.019382955138739933,0.5420998453631216,0.9977984995776914,1.8,False,False,False,False,2023.0,2024.0,2024.0,2024.0,2024.0,2024.0,2024.0,,False,,,,,,,,,,,False,,2015.0,urban,,124990.0,497015.0,,,False,Web note not collected (outside top-50 / nonprofit shortlist).,False,,,,
199698,00154001,001540,St. Andrews University,NC,2023,2.0,2.0,676.0,0.4533476,-0.09261744966442953,-0.13665389527458494,0.6872406064430879,0.02375826792939607,0.6113231607070971,-0.7,False,True,False,False,2023.0,2024.0,2024.0,2022.0,2024.0,2024.0,2024.0,,False,,,,,,,,,,,False,,2023.0,urban,44781.0,618389.0,211152.0,1.0,2.5,False,Web note not collected (outside top-50 / nonprofit shortlist).,False,,,,
455992,00369700,003697,Vermont College of Fine Arts,VT,2023,2.0,2.0,161.0,0.4527545,-0.6211764705882352,-0.08522727272727271,0.23547333400431458,-0.6765660701575669,0.6434467161092031,2.2,False,False,False,False,2023.0,2024.0,2024.0,,2024.0,2025.0,2025.0,,False,False,1.0,True,2.0,0.0,,,,,,False,,2023.0,urban,23400.0,262060.0,103000.0,1.0,1.0,False,Web note not collected (outside top-50 / nonprofit shortlist).,False,,,,
112084,01203100,012031,San Diego Christian College,CA,2023,2.0,2.0,100.0,0.45216176,-0.8141263940520447,0.17647058823529416,0.3082828123769782,-0.4664174805750054,0.38486365168563297,0.5,False,True,False,False,2023.0,2024.0,2024.0,2024.0,2024.0,2025.0,2025.0,,False,False,1.0,True,2.0,0.0,,,,,,False,,2023.0,urban,77296.0,724453.0,331947.0,2.5,3.75,False,Web note not collected (outside top-50 / nonprofit shortlist).,False,,,,
148487,00174900,001749,Roosevelt University,IL,2023,2.0,2.0,3627.0,0.44737548,-0.27590337392693154,0.06959598938366263,0.33141857897873256,-0.05747094503866278,0.6337732092420244,1.9,False,False,False,False,2023.0,2024.0,2024.0,2024.0,2024.0,2025.0,2025.0,,False,False,1.0,True,2.0,0.0,,,,,,False,,2023.0,urban,192224.0,694152.0,836036.0,5.0,21.0,False,Web note not collected (outside top-50 / nonprofit shortlist).,False,,,,
139153,03076300,030763,Beulah Heights University,GA,2023,2.0,2.0,240.0,0.44515133,-0.3220338983050848,-0.0625,0.13611082564958435,-0.21452932195667224,0.9531929655949758,1.5,False,False,False,False,2023.0,2024.0,2024.0,,2024.0,2025.0,2025.0,,False,False,1.0,True,2.0,0.0,,,,,,False,,2023.0,urban,42096.0,21062.0,,1.0,2.0,False,Web note not collected (outside top-50 / nonprofit shortlist).,False,,,,
189592,00267803,002678,Bryant & Stratton College-Greece,NY,2023,2.0,2.0,359.0,0.4439311,0.03458213256484144,0.10122699386503076,0.20701510802054124,-0.5673298113157188,1.0,,,,False,False,2023.0,2024.0,2024.0,2009.0,2024.0,2025.0,,,False,False,1.0,True,2.0,0.0,,,,,,False,,2023.0,urban,,5885.0,114472.0,1.0,1.0,False,Web note not collected (outside top-50 / nonprofit shortlist).,False,,,,
176770,02068200,020682,Cox College,MO,2023,2.0,2.0,616.0,0.4428484,-0.19895968790637186,-0.10982658959537572,0.038180246564407064,-0.04254630770473234,0.952088645733893,2.8,False,False,False,False,2023.0,2024.0,2024.0,2024.0,2024.0,2025.0,2025.0,,False,False,1.0,True,2.0,0.0,,,,,,False,,2023.0,urban,,6113.0,,2.0,2.0,False,Web note not collected (outside top-50 / nonprofit shortlist).,False,,,,
190114,00976900,009769,Metropolitan College of New York,NY,2023,2.0,2.0,834.0,0.44238478,-0.3375694996028594,0.13469387755102047,0.13810381584141174,-0.35315478202266576,0.7925781739644876,2.1,False,False,False,False,2023.0,2024.0,2024.0,2024.0,2024.0,2025.0,2025.0,,False,False,1.0,True,2.0,0.0,,,,,,False,,2023.0,urban,29184.0,444719.0,294178.0,1.75,2.75,False,Web note not collected (outside top-50 / nonprofit shortlist).,False,,,,
106546,03105200,031052,Baptist Health College Little Rock,AR,2023,2.0,5.0,619.0,0.4413808,-0.011182108626198062,0.11934900542495486,0.17707337802462653,-1.2454406516263983,0.8229266219753735,2.9,False,False,False,False,2023.0,2024.0,2024.0,2024.0,2024.0,2025.0,2025.0,,False,False,1.0,True,2.0,0.0,,,,,,False,,2023.0,urban,50.0,7609952.0,417263.0,1.0,1.25,False,Web note not collected (outside top-50 / nonprofit shortlist).,False,,,,
457271,04155500,041555,Academy for Jewish Religion California,CA,2023,2.0,2.0,43.0,0.429727,0.023809523809523725,-0.27118644067796616,0.03561851812387575,-0.0009138048812327696,0.7621172570108615,1.3,True,False,False,False,2023.0,2024.0,2024.0,,2024.0,2025.0,2025.0,,False,False,1.0,True,2.0,0.0,,,,,,False,,2023.0,urban,5000.0,11000.0,,,,False,Web note not collected (outside top-50 / nonprofit shortlist).,False,,,,
193973,00278800,002788,Niagara University,NY,2023,2.0,2.0,4053.0,0.42968205,0.14008438818565394,-0.03774928774928776,0.4832996813836927,-0.04508193661065553,0.5817130578172862,2.5,False,False,False,False,2023.0,2024.0,2024.0,2024.0,2024.0,2025.0,2025.0,,False,False,1.0,True,2.0,0.0,,,,,,False,,2023.0,urban,128813.0,370423.0,1156990.0,4.7,7.5,False,Web note not collected (outside top-50 / nonprofit shortlist).,False,,,,
108852,00746501,007465,American Academy of Dramatic Arts-Los Angeles,CA,2023,2.0,5.0,111.0,0.4284062,-0.6105263157894737,-0.3967391304347826,0.2858716037107096,-0.06143970834739256,0.7389337567444177,,,,False,False,2023.0,2024.0,2024.0,2024.0,2024.0,2024.0,,,False,,,,,,,,,,,False,,2023.0,urban,16000.0,0.0,,1.0,4.0,False,Web note not collected (outside top-50 / nonprofit shortlist).,False,,,,
145886,02573700,025737,Institute for Clinical Social Work,IL,2023,2.0,2.0,53.0,0.42655498,-0.1311475409836066,-0.171875,0.01333767583244157,-0.10227206888406566,0.8980282069909126,2.2,False,False,False,False,2023.0,2024.0,2024.0,,2024.0,2025.0,2025.0,,False,False,1.0,True,2.0,0.0,,,,,,False,,2023.0,urban,2750.0,3.0,,,,False,Web note not collected (outside top-50 / nonprofit shortlist).,False,,,,
407610,04251300,042513,Pacific Bible College,OR,2023,2.0,2.0,15.0,0.4230053,-0.21052631578947367,-0.25,0.0948034174406399,0.5420998453631216,0.11550751418117526,1.5,False,False,False,False,2023.0,2024.0,2024.0,2024.0,2024.0,2025.0,2025.0,,False,False,1.0,True,2.0,0.0,,,,,,False,,2023.0,urban,12892.0,1.0,,0.25,0.25,False,Web note not collected (outside top-50 / nonprofit shortlist).,False,,,,
142832,02068100,020681,Adler University,IL,2023,2.0,2.0,729.0,0.42185208,-0.40294840294840295,-0.16970387243735763,0.11799193169460075,-0.010014346836669324,0.9203454173130807,1.4,True,False,False,False,2023.0,2024.0,2024.0,,2024.0,2025.0,2025.0,,False,False,1.0,True,2.0,0.0,,,,,,False,,2023.0,urban,14239.0,408333.0,854273.0,4.0,10.0,False,Web note not collected (outside top-50 / nonprofit shortlist).,False,,,,
457226,04140500,041405,Horizon University,IN,2023,2.0,2.0,47.0,0.42058656,0.46875,0.04444444444444451,0.14879161590293144,0.23657469236493378,0.6748456280584864,1.4,True,False,False,False,2023.0,2024.0,2024.0,,2018.0,2025.0,2025.0,,False,False,1.0,True,2.0,0.0,,,,,,False,,2023.0,urban,8700.0,1.0,,0.4,0.6,False,Web note not collected (outside top-50 / nonprofit shortlist).,False,,,,
486488,04237600,042376,California Jazz Conservatory,CA,2023,2.0,2.0,6.0,0.42030016,-0.8333333333333334,-0.6088238573021182,0.1579951879002913,-0.23087037693688234,0.28316194737102385,2.5,False,False,False,False,2023.0,2024.0,2024.0,2024.0,2024.0,2024.0,2024.0,,False,,,,,,,,,,,False,,2023.0,urban,743.0,0.0,,0.5,0.5,False,Web note not collected (outside top-50 / nonprofit shortlist).,False,,,,
123448,00177212,001772,Trinity Law School,CA,2023,2.0,2.0,111.0,0.41692838,3.6462529754576014,0.3214285714285714,0.1620362098208634,-0.16009859501183915,0.9857560337226733,,,,False,False,2023.0,2024.0,2024.0,,2024.0,2025.0,,,False,False,1.0,True,2.0,0.0,,,,,,False,,2023.0,urban,15968.0,6.0,,0.0,0.3,False,Web note not collected (outside top-50 / nonprofit shortlist).,False,,,,
215682,01205000,012050,Rosedale Technical College,PA,2023,2.0,5.0,486.0,0.4128468,-0.20717781402936375,-0.1706484641638225,0.016415757219765216,-0.11897624668555963,0.7762849573534693,2.0,False,False,False,False,2023.0,2024.0,2024.0,2024.0,2024.0,2025.0,2025.0,,False,False,1.0,True,2.0,0.0,,,,,,False,,2023.0,urban,372.0,65.0,,0.0,1.0,False,Web note not collected (outside top-50 / nonprofit shortlist).,False,,,,
223463,03026500,030265,Remington College-Dallas Campus,TX,2023,2.0,2.0,484.0,0.4086799,-0.4083129584352079,0.45783132530120474,0.049576284081665034,-0.2232422611847554,0.9326355454682005,-0.5,False,True,False,False,2023.0,2024.0,2024.0,2015.0,2024.0,2025.0,2025.0,,False,False,1.0,True,2.0,0.0,,,,,,False,,2019.0,urban,3107.0,2071910.0,,0.0,1.0,False,Web note not collected (outside top-50 / nonprofit shortlist).,False,,,,
488679,30182251,301822,Indiana Wesleyan University-National & Global,IN,2023,2.0,2.0,10508.0,0.40686542,0.2576900059844405,0.2190255220417634,0.027324864263205427,0.15736576747311024,0.9690243313060778,,,,False,False,2023.0,2024.0,2024.0,,,2025.0,,,False,False,1.0,True,2.0,0.0,,,,,,False,,,,,,,,,False,Web note not collected (outside top-50 / nonprofit shortlist).,False,,,,
497213,04297500,042975,Great Northern University,WA,2023,2.0,2.0,35.0,0.4047999,,0.25,0.007836762523229662,-0.19632262256819658,0.6329598047926585,,,,False,False,2023.0,2024.0,2024.0,2024.0,2024.0,2025.0,,,False,False,1.0,True,2.0,0.0,,,,,,False,,2023.0,urban,29021.0,0.0,,1.0,2.0,False,Web note not collected (outside top-50 / nonprofit shortlist).,False,,,,
141644,00727900,007279,Hawaii Pacific University,HI,2023,2.0,2.0,3690.0,0.4029883,0.19805194805194803,0.08625257580217838,0.3560978477624641,-0.009909117238212478,0.676979284892873,2.0,False,False,False,False,2023.0,2024.0,2024.0,2024.0,2024.0,2025.0,2025.0,,False,False,1.0,True,2.0,0.0,,,,,,False,,2023.0,urban,21343.0,595605.0,1212502.0,8.0,15.25,False,Web note not collected (outside top-50 / nonprofit shortlist).,False,,,,
169479,00224900,002249,Davenport University,MI,2023,2.0,2.0,3465.0,0.40047467,-0.2426229508196721,-0.010000000000000009,0.19753164346656324,-0.020693988292939655,0.7465484419856754,2.3,False,False,False,False,2023.0,2024.0,2024.0,2024.0,2024.0,2025.0,2025.0,,False,False,1.0,True,2.0,0.0,,,,,,False,,2023.0,urban,,1009372.0,808821.0,5.0,5.0,False,Web note not collected (outside top-50 / nonprofit shortlist).,False,,,,
490513,04266000,042660,Bais Medrash Mayan Hatorah,NJ,2023,2.0,2.0,43.0,0.39858127,-0.2586206896551724,-0.18867924528301883,0.2425793114818549,-0.23815235293129663,0.354031909880128,2.5,False,False,False,False,2023.0,2024.0,2024.0,2024.0,2024.0,2025.0,2025.0,,False,False,1.0,True,2.0,0.0,,,,,,False,,2023.0,urban,15150.0,0.0,,,,False,Web note not collected (outside top-50 / nonprofit shortlist).,False,,,,
238078,00383100,003831,Wheeling University,WV,2023,2.0,2.0,707.0,0.39763206,0.16859504132231407,0.07121212121212128,0.5754228443770981,-0.32271160639113555,0.41920071417642096,1.9,False,False,False,False,2023.0,2024.0,2024.0,2024.0,2024.0,2025.0,2025.0,,False,False,1.0,True,2.0,0.0,,,,,,False,,2023.0,urban,130000.0,208750.0,,1.0,16.0,False,Web note not collected (outside top-50 / nonprofit shortlist).,False,,,,
494630,04279400,042794,Christ Mission College,TX,2023,2.0,2.0,31.0,0.39286888,-0.13888888888888884,-0.22499999999999998,0.2656419349570389,0.2512239666177228,0.3068046784102479,,,,False,False,2023.0,2024.0,2024.0,2024.0,2024.0,2025.0,,,False,False,1.0,True,2.0,0.0,,,,,,False,,2023.0,urban,17012.0,1.0,,0.2,1.7,False,Web note not collected (outside top-50 / nonprofit shortlist).,False,,,,
166407,00633100,006331,Lawrence Memorial Hospital School of Nursing,MA,2023,2.0,5.0,167.0,0.3918261,-0.2770562770562771,0.2748091603053435,0.018644435973013757,-0.5563592920777151,1.0,2.6,False,False,False,False,2023.0,2024.0,2024.0,2010.0,2024.0,2025.0,2025.0,,False,False,1.0,True,2.0,0.0,,,,,,False,,2023.0,urban,174.0,156.0,224618.0,1.0,1.6,False,Web note not collected (outside top-50 / nonprofit shortlist).,False,,,,
492801,00246100,002461,Drury University-College of Continuing Professional Studies,MO,2023,2.0,2.0,582.0,0.3916793,-0.45352112676056333,-0.03161397670549082,0.1488756444261052,0.38336760440759565,0.9100325721905196,2.7,False,False,False,False,2023.0,2024.0,2024.0,,2024.0,2025.0,2025.0,,False,False,1.0,True,2.0,0.0,,,,,,False,,,,,,,,,False,Web note not collected (outside top-50 / nonprofit shortlist).,False,,,,
201469,00267808,002678,Bryant & Stratton College-Parma,OH,2023,2.0,2.0,589.0,0.39000162,-0.17507002801120453,0.150390625,0.1576466720626715,-0.36944514058468453,1.0,,,,False,False,2023.0,2024.0,2024.0,2010.0,2024.0,2025.0,,,False,False,1.0,True,2.0,0.0,,,,,,False,,2023.0,urban,,5885.0,139200.0,1.0,1.0,False,Web note not collected (outside top-50 / nonprofit shortlist).,False,,,,
102298,00104600,001046,Talladega College,AL,2023,2.0,2.0,692.0,0.38169914,-0.4313886606409203,-0.19999999999999996,0.601874689171498,-0.307297063541495,0.20492468076879272,3.0,False,False,False,False,2023.0,2024.0,2024.0,2024.0,2024.0,2025.0,2025.0,,False,False,1.0,True,2.0,0.0,,,,,,False,,2023.0,urban,43802.0,24992.0,280595.0,6.0,29.0,False,Web note not collected (outside top-50 / nonprofit shortlist).,False,,,,
498906,04306300,043063,Yeshivas Sanz Klauzenburg,NY,2023,2.0,2.0,100.0,0.37834644,,-0.07407407407407407,0.19362174462705437,0.11469738168767295,0.7663439071206062,,,,False,False,2023.0,2024.0,2024.0,,2024.0,2025.0,,,False,False,1.0,True,2.0,0.0,,,,,,False,,2023.0,urban,58000.0,0.0,,,,False,Web note not collected (outside top-50 / nonprofit shortlist).,False,,,,
110060,03266300,032663,Bethesda University,CA,2023,2.0,2.0,212.0,0.37785774,-0.3556231003039514,-0.0046948356807511304,0.24762870953356203,-0.10985591387562219,0.5601436203558472,2.8,False,False,False,False,2023.0,2024.0,2024.0,2014.0,2024.0,2025.0,2025.0,,False,False,1.0,True,2.0,0.0,,,,,,False,,2023.0,urban,50873.0,6343.0,,1.0,1.0,False,Web note not collected (outside top-50 / nonprofit shortlist).,False,,,,
186900,01198900,011989,Talmudical Academy-New Jersey,NJ,2023,2.0,2.0,77.0,0.37766203,0.026666666666666616,-0.09411764705882353,0.3359472841542723,0.28365139346891977,0.683581443906236,3.0,False,False,False,False,2023.0,2024.0,2024.0,2024.0,2024.0,2025.0,2025.0,,False,False,1.0,True,2.0,0.0,,,,,,False,,2023.0,urban,8725.0,0.0,,,,False,Web note not collected (outside top-50 / nonprofit shortlist).,False,,,,
193894,00267400,002674,New York Theological Seminary,NY,2023,2.0,2.0,33.0,0.37714976,-0.7573529411764706,-0.37735849056603776,0.1787758715502514,0.07719599774641459,0.454995645762364,1.2,True,False,False,False,2022.0,2023.0,2023.0,,2023.0,2023.0,2023.0,,False,,,,,,,,,,,False,,2022.0,urban,,727168.0,114000.0,1.0,1.0,False,Web note not collected (outside top-50 / nonprofit shortlist).,False,,,,
492209,04281300,042813,Reiss-Davis Graduate School,CA,2023,2.0,2.0,35.0,0.37657246,1.9166666666666665,0.06060606060606055,0.062110500861870435,-0.08754946675791361,0.4570044079078803,,,,False,False,2023.0,2024.0,2024.0,,2024.0,2024.0,,,False,,,,,,,,,,,False,,2023.0,urban,7583.0,496.0,,0.5,0.5,False,Web note not collected (outside top-50 / nonprofit shortlist).,False,,,,
197045,00288300,002883,Utica University,NY,2023,2.0,2.0,3241.0,0.3762874,-0.268892397924656,-0.046203649205414976,0.277639221852143,-0.12752265046294786,0.6519710899651185,2.7,False,False,False,False,2023.0,2024.0,2024.0,2024.0,2024.0,2025.0,2025.0,,False,False,1.0,True,2.0,0.0,,,,,,False,,2023.0,urban,96566.0,416148.0,1500340.0,6.0,13.0,False,Web note not collected (outside top-50 / nonprofit shortlist).,False,,,,
189565,00267806,002678,Bryant & Stratton College-Syracuse North,NY,2023,2.0,2.0,407.0,0.37312138,-0.2217973231357553,-0.009732360097323589,0.22501689935938482,-0.3627103511490244,1.0,,,,False,False,2023.0,2024.0,2024.0,2006.0,2024.0,2025.0,,,False,False,1.0,True,2.0,0.0,,,,,,False,,2023.0,urban,,5885.0,,1.0,1.0,False,Web note not collected (outside top-50 / nonprofit shortlist).,False,,,,
195234,00270500,002705,The College of Saint Rose,NY,2023,2.0,2.0,2538.0,0.37028083,-0.2785673678226265,0.06908171861836565,0.49636288803721207,-0.3050150968528805,0.5947532858585375,2.4,False,False,False,False,2022.0,2023.0,2023.0,2023.0,2023.0,2023.0,2023.0,,False,,,,,,,,,,,False,,2022.0,urban,161660.0,310374.0,1267730.0,5.0,16.5,False,Web note not collected (outside top-50 / nonprofit shortlist).,False,,,,
233082,01274400,012744,Southside College of Health Sciences,VA,2023,2.0,5.0,160.0,0.36681008,1.2857142857142856,0.797752808988764,0.24864227958663035,-1.2454406516263983,0.977637808589787,-0.3,False,True,False,False,2023.0,2024.0,2024.0,2019.0,2024.0,2025.0,2025.0,,False,False,1.0,True,2.0,0.0,,,,,,False,,2023.0,urban,262.0,183586.0,,0.4,0.4,False,Web note not collected (outside top-50 / nonprofit shortlist).,False,,,,
167677,00221400,002214,Saint John's Seminary,MA,2023,2.0,2.0,85.0,0.3664165,-0.29166666666666663,-0.16666666666666663,0.37173831691523457,0.5181580209929171,0.17660426903854062,2.2,False,False,False,False,2023.0,2024.0,2024.0,2013.0,2024.0,2025.0,2025.0,,False,False,1.0,True,2.0,0.0,,,,,,False,,,,,,,,,False,Web note not collected (outside top-50 / nonprofit shortlist).,False,,,,
196583,02191600,021916,Torah Temimah Talmudical Seminary,NY,2023,2.0,2.0,92.0,0.36355245,2.1724137931034484,-0.04166666666666663,0.2891563471440518,0.5420998453631216,0.1136330276952304,2.2,False,False,False,False,2023.0,2024.0,2024.0,2024.0,2024.0,2025.0,2025.0,,False,False,1.0,True,2.0,0.0,,,,,,False,,2023.0,urban,10530.0,0.0,,,,False,Web note not collected (outside top-50 / nonprofit shortlist).,False,,,,
204176,03071900,030719,Mount Carmel College of Nursing,OH,2023,2.0,2.0,773.0,0.36018425,-0.22389558232931728,-0.007702182284980763,0.011222552971691141,0.14027869736208948,0.788346484896506,3.0,False,False,False,False,2023.0,2024.0,2024.0,2024.0,2024.0,2025.0,2025.0,,False,False,1.0,True,2.0,0.0,,,,,,False,,2023.0,urban,4778.0,692922.0,999778.0,0.0,3.0,False,Web note not collected (outside top-50 / nonprofit shortlist).,False,,,,
154262,00729100,007291,St Luke's College,IA,2023,2.0,2.0,154.0,0.36003128,-0.2666666666666667,-0.10465116279069764,0.04829693861166607,0.02545478260889534,0.6982441580439175,3.0,False,False,False,False,2023.0,2024.0,2024.0,2024.0,2024.0,2025.0,2025.0,,False,False,1.0,True,2.0,0.0,,,,,,False,,2023.0,urban,500.0,5.0,142889.0,1.0,1.05,False,Web note not collected (outside top-50 / nonprofit shortlist).,False,,,,
193380,04237200,042372,Montefiore School of Nursing,NY,2023,2.0,5.0,81.0,0.3596309,0.265625,0.06578947368421062,0.1076718261520684,-0.6162287105219895,0.6540346847852669,-0.2,False,True,False,False,2023.0,2024.0,2024.0,2021.0,2024.0,2025.0,2025.0,,False,False,1.0,True,2.0,0.0,,,,,,False,,2023.0,urban,,89.0,150448.0,0.1,0.1,False,Web note not collected (outside top-50 / nonprofit shortlist).,False,,,,
144351,00166600,001666,Concordia University-Chicago,IL,2023,2.0,2.0,3711.0,0.357519,-0.14689655172413796,0.01615553121577218,0.2610545558121226,0.06613630887261868,0.7238296451695656,2.1,False,False,False,False,2023.0,2024.0,2024.0,2024.0,2024.0,2025.0,2025.0,,False,False,1.0,True,2.0,0.0,,,,,,False,,2023.0,urban,114328.0,441396.0,478459.0,6.0,16.0,False,Web note not collected (outside top-50 / nonprofit shortlist).,False,,,,
491914,04273800,042738,Yeshiva Gedola Tiferes Yerachmiel,NJ,2023,2.0,2.0,157.0,0.3556364,0.06802721088435382,-0.19072164948453607,0.24721115659478926,0.0814791875084764,0.5308211731977069,,,,False,False,2023.0,2024.0,2024.0,2024.0,2024.0,2025.0,,,False,False,1.0,True,2.0,0.0,,,,,,False,,2023.0,urban,1570.0,0.0,,0.0,0.5,False,Web note not collected (outside top-50 / nonprofit shortlist).,False,,,,
106306,00108700,001087,Arkansas Baptist College,AR,2023,2.0,2.0,291.0,0.3548322,-0.3604395604395605,-0.1871508379888268,0.6842804134575349,0.015333549414145255,0.05935375195206352,-0.7,False,True,False,False,2023.0,2024.0,2024.0,,2024.0,2025.0,2025.0,,False,False,1.0,True,2.0,0.0,,,,,,False,,2023.0,urban,24530.0,65.0,,1.0,4.0,False,Web note not collected (outside top-50 / nonprofit shortlist).,False,,,,
132879,00349503,003495,Johnson University Florida,FL,2023,2.0,2.0,136.0,0.3542652,-0.25274725274725274,0.014925373134328401,0.21173381760472057,-0.33780440209621615,0.5471902137145519,2.4,False,False,False,False,2022.0,2023.0,2023.0,2023.0,2023.0,2023.0,2023.0,,False,,,,,,,,,,,False,,2022.0,urban,35519.0,565067.0,,1.0,6.0,False,Web note not collected (outside top-50 / nonprofit shortlist).,False,,,,
401250,03098200,030982,Yo San University of Traditional Chinese Medicine,CA,2023,2.0,2.0,212.0,0.35324126,0.23976608187134496,0.31677018633540377,0.0759790580616923,-0.20428873060702116,0.4742465561093621,2.2,False,False,False,False,2023.0,2024.0,2024.0,,2024.0,2025.0,2025.0,,False,False,1.0,True,2.0,0.0,,,,,,False,,2023.0,urban,3667.0,6.0,,1.0,7.0,False,Web note not collected (outside top-50 / nonprofit shortlist).,False,,,,
188942,02506000,025060,Associated Beth Rivkah Schools,NY,2023,2.0,2.0,261.0,0.35243437,0.6948051948051948,-0.11525423728813555,0.050314320776530155,-0.06105086839273587,0.974689714140424,1.5,False,False,False,False,2023.0,2024.0,2024.0,2024.0,2024.0,2025.0,2025.0,,False,False,1.0,True,2.0,0.0,,,,,,False,,2023.0,urban,225.0,2.0,,,,False,Web note not collected (outside top-50 / nonprofit shortlist).,False,,,,
459842,00962103,009621,Herzing University-Kenosha,WI,2023,2.0,2.0,549.0,0.3510239,-0.3487544483985765,-0.1014729950900164,0.1572987634816512,-0.10370269356035583,0.9195534377734353,,,,False,False,2023.0,2024.0,2024.0,2024.0,2024.0,2025.0,,,False,False,1.0,True,2.0,0.0,,,,,,False,,2023.0,urban,,563822.0,,0.0,0.0,False,Web note not collected (outside top-50 / nonprofit shortlist).,False,,,,
213303,00328000,003280,Keystone College,PA,2023,2.0,2.0,905.0,0.34891707,-0.44307692307692303,-0.18906810035842292,0.30244579099800967,-0.29053042592922834,0.5380124278130992,0.4,False,True,False,False,2023.0,2024.0,2024.0,2024.0,2024.0,2025.0,2025.0,,False,False,1.0,True,2.0,0.0,,,,,,False,,2023.0,urban,35832.0,292102.0,340000.0,2.0,3.0,False,Web note not collected (outside top-50 / nonprofit shortlist).,False,,,,
189583,00267800,002678,Bryant & Stratton College-Buffalo,NY,2023,2.0,2.0,1612.0,0.34653503,0.9375,0.3245686113393591,0.1882216661666008,-0.31461228242286937,1.0,1.5,False,False,False,False,2023.0,2024.0,2024.0,2009.0,2024.0,2025.0,2025.0,,False,False,1.0,True,2.0,0.0,,,,,,False,,2023.0,urban,,5885.0,121993.0,1.0,1.0,False,Web note not collected (outside top-50 / nonprofit shortlist).,False,,,,
228486,00361800,003618,Southwestern Christian College,TX,2023,2.0,2.0,111.0,0.34497404,0.03738317757009346,0.9473684210526316,0.5345315595810926,-0.1939711400691622,0.19342361653602838,1.4,True,False,False,False,2023.0,2024.0,2024.0,,2024.0,2025.0,2025.0,,False,False,1.0,True,2.0,0.0,,,,,,False,,2023.0,urban,30398.0,65.0,,1.0,3.0,False,Web note not collected (outside top-50 / nonprofit shortlist).,False,,,,
190956,00644800,006448,Belanger School of Nursing,NY,2023,2.0,5.0,106.0,0.34031463,0.32499999999999996,0.13978494623655924,0.5132343232122494,-1.2454406516263983,0.42572927278807343,2.9,False,False,False,False,2023.0,2024.0,2024.0,2024.0,2024.0,2025.0,2025.0,,False,False,1.0,True,2.0,0.0,,,,,,False,,2023.0,urban,1000.0,441.0,259800.0,1.0,1.0,False,Web note not collected (outside top-50 / nonprofit shortlist).,False,,,,
490319,04261200,042612,Yeshiva Bais Aharon,NJ,2023,2.0,2.0,29.0,0.34003276,-0.1470588235294118,-0.09375,0.2911367782433377,0.014649935265411812,0.4476147794044418,1.8,False,False,False,False,2023.0,2024.0,2024.0,2024.0,2024.0,2025.0,2025.0,,False,False,1.0,True,2.0,0.0,,,,,,False,,2023.0,urban,5200.0,0.0,,,,False,Web note not collected (outside top-50 / nonprofit shortlist).,False,,,,
489937,00295600,002956,Carolina University,NC,2023,2.0,2.0,899.0,0.33978903,0.38734567901234573,0.3559577677224737,0.5083166918248923,-0.29650623824025896,0.6102956472371608,3.0,False,False,False,False,2023.0,2024.0,2024.0,2024.0,2024.0,2025.0,2025.0,,False,False,1.0,True,2.0,0.0,,,,,,False,,2023.0,urban,50137.0,486038.0,231379.0,1.0,6.5,False,Web note not collected (outside top-50 / nonprofit shortlist).,False,,,,
491613,04264400,042644,Yeshiva Gedolah Tiferes Boruch,NJ,2023,2.0,2.0,74.0,0.3386316,0.1212121212121211,-0.013333333333333308,0.23882033389036159,0.02240674564554747,0.4404329287382214,,,,False,False,2023.0,2024.0,2024.0,2024.0,2024.0,2025.0,,,False,False,1.0,True,2.0,0.0,,,,,,False,,2023.0,urban,6500.0,0.0,,,,False,Web note not collected (outside top-50 / nonprofit shortlist).,False,,,,
243577,02100000,021000,Universidad Politecnica de Puerto Rico,PR,2023,2.0,2.0,3750.0,0.33440676,-0.07930272526393323,-0.0891425795482147,0.0012600155180280109,0.23819702855172298,0.7505795313689495,3.0,False,False,False,False,2023.0,2024.0,2024.0,2013.0,2024.0,2025.0,2025.0,,False,False,1.0,True,2.0,0.0,,,,,,False,,2023.0,urban,64225.0,213623.0,828681.0,6.0,33.0,False,Web note not collected (outside top-50 / nonprofit shortlist).,False,,,,
191621,00273500,002735,Hilbert College,NY,2023,2.0,2.0,1022.0,0.33398438,0.31870967741935474,-0.09397163120567376,0.46221906445278194,-0.07095474499375264,0.6487932411961731,2.2,False,False,False,False,2023.0,2024.0,2024.0,2024.0,2024.0,2025.0,2025.0,,False,False,1.0,True,2.0,0.0,,,,,,False,,2023.0,urban,29984.0,356294.0,245229.0,2.0,3.0,False,Web note not collected (outside top-50 / nonprofit shortlist).,False,,,,
199458,02280900,022809,Mid-Atlantic Christian University,NC,2023,2.0,2.0,125.0,0.33288595,-0.19871794871794868,0.016260162601626105,0.36408214673561834,0.39228765982206404,0.12998759462701887,1.6,False,False,False,False,2023.0,2024.0,2024.0,2024.0,2024.0,2025.0,2025.0,,False,False,1.0,True,2.0,0.0,,,,,,False,,2023.0,urban,30662.0,31534.0,115060.0,1.0,5.0,False,Web note not collected (outside top-50 / nonprofit shortlist).,False,,,,
184603,00260700,002607,Fairleigh Dickinson University-Metropolitan Campus,NJ,2023,2.0,2.0,4531.0,0.3328235,0.09049338146811081,0.09869059165858385,0.33338394958621215,-0.04043008761267874,0.72823790682713,3.0,False,False,False,False,2023.0,2024.0,2024.0,2024.0,2024.0,2025.0,2025.0,,False,False,1.0,True,2.0,0.0,,,,,,False,,2023.0,urban,103021.0,506971.0,1322952.0,7.5,17.2,False,Web note not collected (outside top-50 / nonprofit shortlist).,False,,,,
197142,00289600,002896,Villa Maria College,NY,2023,2.0,2.0,557.0,0.3328152,0.20043103448275867,0.1952789699570816,0.3569164801225293,-0.04342760280714233,0.6859036261531202,2.3,False,False,False,False,2023.0,2024.0,2024.0,2024.0,2024.0,2025.0,2025.0,,False,False,1.0,True,2.0,0.0,,,,,,False,,2023.0,urban,9052.0,250533.0,162350.0,1.75,1.75,False,Web note not collected (outside top-50 / nonprofit shortlist).,False,,,,
173957,01173200,011732,Mayo Clinic College of Medicine and Science,MN,2023,2.0,2.0,1234.0,0.33243775,0.582051282051282,-0.020634920634920673,0.06363121662163039,-1.2454406516263983,0.6670587530640244,3.0,False,False,False,False,2023.0,2024.0,2024.0,2024.0,2024.0,2025.0,2025.0,,False,False,1.0,True,2.0,0.0,,,,,,False,,2023.0,urban,55841.0,11778.0,18257946.0,31.34,62.27,False,Web note not collected (outside top-50 / nonprofit shortlist).,False,,,,
126076,02262400,022624,Yeshiva Ohr Elchonon Chabad West Coast Talmudical Seminary,CA,2023,2.0,2.0,162.0,0.33210018,-0.2987012987012987,-0.20588235294117652,0.25427577260510287,-0.19714945380957502,0.3831359610174876,2.2,False,False,False,False,2023.0,2024.0,2024.0,2024.0,2024.0,2025.0,2025.0,,False,False,1.0,True,2.0,0.0,,,,,,False,,2023.0,urban,14400.0,1001.0,,0.0,2.0,False,Web note not collected (outside top-50 / nonprofit shortlist).,False,,,,
149639,00177800,001778,VanderCook College of Music,IL,2023,2.0,2.0,257.0,0.33186084,-0.2997275204359673,-0.011538461538461497,0.21225494376379847,0.061811869900664076,0.7061841599946943,1.7,False,False,False,False,2023.0,2024.0,2024.0,2024.0,2024.0,2025.0,2025.0,,False,False,1.0,True,2.0,0.0,,,,,,False,,2023.0,urban,17548.0,234910.0,,1.0,1.0,False,Web note not collected (outside top-50 / nonprofit shortlist).,False,,,,
491640,04265300,042653,Yeshiva Gedolah Keren Hatorah,NJ,2023,2.0,2.0,180.0,0.33070856,0.13207547169811318,-0.08163265306122447,0.2763111440709826,0.1921557508742085,0.7167866931291939,,,,False,False,2023.0,2024.0,2024.0,2024.0,2024.0,2025.0,,,False,False,1.0,True,2.0,0.0,,,,,,False,,2023.0,urban,1000.0,0.0,,,,False,Web note not collected (outside top-50 / nonprofit shortlist).,False,,,,
233408,02140000,021400,Riverside College of Health Sciences,VA,2023,2.0,2.0,323.0,0.3303131,0.07666666666666666,0.03858520900321549,0.11535605859016754,-0.4325280563839997,0.5201797402413718,2.5,False,False,False,False,2023.0,2024.0,2024.0,2024.0,2024.0,2025.0,2025.0,,False,False,1.0,True,2.0,0.0,,,,,,False,,2023.0,urban,6552.0,218.0,366474.0,1.0,1.95,False,Web note not collected (outside top-50 / nonprofit shortlist).,False,,,,
153861,01111300,011113,Maharishi International University,IA,2023,2.0,2.0,2219.0,0.32864612,0.18346666666666667,-0.08381502890173409,0.10144018251818052,-0.08575694121296727,0.610904296572049,2.6,False,False,False,False,2023.0,2024.0,2024.0,2024.0,2024.0,2025.0,2025.0,,False,False,1.0,True,2.0,0.0,,,,,,False,,2023.0,urban,95501.0,260279955.0,366886.0,2.0,8.0,False,Web note not collected (outside top-50 / nonprofit shortlist).,False,,,,
486433,04235500,042355,Presidio Graduate School,CA,2023,2.0,2.0,74.0,0.32717574,-0.3211009174311926,0.05714285714285716,0.18325807454910456,0.015709956563359762,0.8325285840183889,3.0,False,False,False,False,2023.0,2024.0,2024.0,,2024.0,2024.0,2024.0,,False,,,,,,,,,,,False,,2023.0,urban,,6004.0,,0.15,0.15,False,Web note not collected (outside top-50 / nonprofit shortlist).,False,,,,
225575,00357700,003577,Huston-Tillotson University,TX,2023,2.0,2.0,540.0,0.32669747,-0.4539939332659252,-0.17557251908396942,0.12358546585290768,-0.04453322587700149,0.4182220997405186,1.4,True,False,False,False,2023.0,2024.0,2024.0,2024.0,2024.0,2025.0,2025.0,,False,False,1.0,True,2.0,0.0,,,,,,False,,2023.0,urban,27870.0,568178.0,516852.0,3.0,12.0,False,Web note not collected (outside top-50 / nonprofit shortlist).,False,,,,
491631,04265200,042652,Women's Institute of Torah Seminary and College,MD,2023,2.0,2.0,187.0,0.32666045,0.8888888888888888,-0.10096153846153844,0.032748104472321404,-0.006363745704872567,0.8443169892483262,2.2,False,False,False,False,2023.0,2024.0,2024.0,2024.0,2024.0,2025.0,2025.0,,False,False,1.0,True,2.0,0.0,,,,,,False,,2023.0,urban,1720.0,27.0,,0.0,0.0,False,Web note not collected (outside top-50 / nonprofit shortlist).,False,,,,
170000,00226500,002265,Grace Christian University,MI,2023,2.0,2.0,628.0,0.32527393,-0.214017521902378,-0.006329113924050667,0.3246296533541499,-0.041874104978002494,0.47739314449769343,1.8,False,False,False,False,2023.0,2024.0,2024.0,2024.0,2024.0,2025.0,2025.0,,False,False,1.0,True,2.0,0.0,,,,,,False,,2023.0,urban,42160.0,106169.0,118383.0,1.0,5.5,False,Web note not collected (outside top-50 / nonprofit shortlist).,False,,,,
146490,02319200,023192,Lake Forest Graduate School of Management,IL,2023,2.0,2.0,93.0,0.3234636,-0.6436781609195402,-0.24390243902439024,0.16306792915133822,-0.29775133216785665,0.34730645929273146,2.6,False,False,False,False,2023.0,2024.0,2024.0,,2024.0,2025.0,2025.0,,False,False,1.0,True,2.0,0.0,,,,,,False,,2023.0,urban,,1.0,,,,False,Web note not collected (outside top-50 / nonprofit shortlist).,False,,,,
442523,04138600,041386,Alaska Christian College,AK,2023,2.0,5.0,36.0,0.32336202,-0.5555555555555556,-0.19999999999999996,0.10375986057163708,0.11805308681642246,0.1329863364639518,3.0,False,False,False,False,2023.0,2024.0,2024.0,2024.0,2024.0,2025.0,2025.0,,False,False,1.0,True,2.0,0.0,,,,,,False,,2023.0,urban,15000.0,66060.0,,0.25,1.25,False,Web note not collected (outside top-50 / nonprofit shortlist).,False,,,,
115083,00120500,001205,Golden Gate University,CA,2023,2.0,2.0,4491.0,0.32009938,2.1805949008498584,0.14947530074225757,0.1992952957200868,-0.2998208996833075,0.7427082826894144,2.3,False,False,False,False,2023.0,2024.0,2024.0,2009.0,2024.0,2025.0,2025.0,,False,False,1.0,True,2.0,0.0,,,,,,False,,2023.0,urban,40652.0,444277.0,1477378.0,3.5,6.5,False,Web note not collected (outside top-50 / nonprofit shortlist).,False,,,,
128744,00141600,001416,University of Bridgeport,CT,2023,2.0,2.0,3176.0,0.31885988,-0.16178411190287678,-0.09101316542644533,0.27373261290837525,0.08278727494470513,0.7553692870578994,1.7,False,False,False,False,2023.0,2024.0,2024.0,2024.0,2024.0,2025.0,2025.0,,False,False,1.0,True,2.0,0.0,,,,,,False,,2023.0,urban,118197.0,194806.0,870428.0,3.5,8.0,False,Web note not collected (outside top-50 / nonprofit shortlist).,False,,,,
127714,01300700,013007,Nazarene Bible College,CO,2023,2.0,2.0,135.0,0.3180323,-0.3349753694581281,-0.06896551724137934,0.37207850988659735,-0.49006988224966436,0.42829895302129983,2.5,False,False,False,False,2023.0,2024.0,2024.0,2006.0,2024.0,2025.0,2025.0,,False,False,1.0,True,2.0,0.0,,,,,,False,,2023.0,urban,,8593.0,,1.0,2.0,False,Web note not collected (outside top-50 / nonprofit shortlist).,False,,,,
497408,04299500,042995,Bridges Christian College,LA,2023,2.0,2.0,166.0,0.31729662,,0.5961538461538463,0.43207129060163296,0.13022368124325542,0.36268023980009595,,,,False,False,2023.0,2024.0,2024.0,,2024.0,2025.0,,,False,False,1.0,True,2.0,0.0,,,,,,False,,2023.0,urban,2500.0,3027256.0,,1.0,2.0,False,Web note not collected (outside top-50 / nonprofit shortlist).,False,,,,
127918,00136300,001363,Regis University,CO,2023,2.0,2.0,3741.0,0.31654233,-0.2771014492753623,0.12443642921550957,0.3807174955278817,-0.06608826359537674,0.6563151840199181,2.7,False,False,False,False,2023.0,2024.0,2024.0,2024.0,2024.0,2025.0,2025.0,,False,False,1.0,True,2.0,0.0,,,,,,False,,2023.0,urban,301204.0,728020.0,3107214.0,10.5,23.2,False,Web note not collected (outside top-50 / nonprofit shortlist).,False,,,,
211024,00267000,002670,Clarks Summit University,PA,2023,2.0,2.0,558.0,0.31587294,-0.03958691910499135,0.2798165137614679,0.467737676292254,-0.23844374143673489,0.4977678143762601,0.2,False,True,False,False,2022.0,2023.0,2023.0,2023.0,2023.0,2023.0,2023.0,,False,,,,,,,,,,,False,,2022.0,urban,67479.0,114741.0,213817.0,1.0,3.58,False,Web note not collected (outside top-50 / nonprofit shortlist).,False,,,,
474863,04278800,042788,Los Angeles Pacific University,CA,2023,2.0,2.0,1553.0,0.31557044,-0.02755165936130244,0.04720161834120029,0.00810813216037573,0.018893203461309075,0.9816137565045413,1.6,False,False,False,False,2023.0,2024.0,2024.0,,2024.0,2025.0,2025.0,,False,False,1.0,True,2.0,0.0,,,,,,False,,,,,,,,,False,Web note not collected (outside top-50 / nonprofit shortlist).,False,,,,
377652,03084400,030844,Valley College-Beckley,WV,2023,2.0,5.0,142.0,0.3146158,-0.6865342163355408,-0.4180327868852459,0.0017856746485603035,0.12391522413651616,0.8875750985357193,2.3,False,False,False,False,2023.0,2024.0,2024.0,2009.0,2024.0,2025.0,2025.0,,False,False,1.0,True,2.0,0.0,,,,,,False,,2023.0,urban,,420667.0,,4.0,4.0,False,Web note not collected (outside top-50 / nonprofit shortlist).,False,,,,
367884,03037500,030375,Hodges University,FL,2023,2.0,2.0,232.0,0.31438974,-0.7714285714285715,-0.4341463414634147,0.05393381849999255,-0.5147281088560279,0.8748203898710063,2.2,False,False,False,False,2022.0,2023.0,2023.0,2019.0,2023.0,2023.0,2023.0,,False,,,,,,,,,,,False,,2022.0,urban,2522.0,896742.0,193691.0,1.0,1.0,False,Web note not collected (outside top-50 / nonprofit shortlist).,False,,,,
480985,04218300,042183,Midwives College of Utah,UT,2023,2.0,2.0,180.0,0.31410626,-0.12195121951219512,-0.17050691244239635,0.0381996501974587,0.009685743392440672,0.6890338561462842,2.4,False,False,False,False,2023.0,2024.0,2024.0,2024.0,2024.0,2025.0,2025.0,,False,False,1.0,True,2.0,0.0,,,,,,False,,2023.0,urban,384.0,3.0,,0.03,0.03,False,Web note not collected (outside top-50 / nonprofit shortlist).,False,,,,
164368,04143200,041432,Hult International Business School,MA,2023,2.0,2.0,1877.0,0.31155664,-0.22788975730152206,-0.08572820263029712,0.2607102609419708,-0.14403055778882917,0.9021111150510621,1.3,True,False,False,False,2023.0,2024.0,2024.0,2024.0,2024.0,2025.0,2025.0,,False,False,1.0,True,2.0,0.0,,,,,,False,,2023.0,urban,3255.0,320665.0,219497.0,,,False,Web note not collected (outside top-50 / nonprofit shortlist).,False,,,,
216542,00330600,003306,University of Valley Forge,PA,2023,2.0,2.0,539.0,0.31148663,0.011257035647279645,0.011257035647279645,0.27543799994507,-0.11159166870809786,0.4796595013437243,1.5,False,False,False,False,2023.0,2024.0,2024.0,2024.0,2024.0,2025.0,2025.0,,False,False,1.0,True,2.0,0.0,,,,,,False,,2023.0,urban,57950.0,82.0,280865.0,1.0,13.0,False,Web note not collected (outside top-50 / nonprofit shortlist).,False,,,,
385619,03108500,031085,Everglades University,FL,2023,2.0,2.0,2747.0,0.31056595,0.526959421901056,0.13325082508250818,0.09056701251486074,0.3088924851416955,0.9499742732165865,1.6,False,False,False,False,2023.0,2024.0,2024.0,2024.0,2024.0,2025.0,2025.0,,False,False,1.0,True,2.0,0.0,,,,,,False,,2023.0,urban,23151.0,452788.0,331013.0,5.0,5.0,False,Web note not collected (outside top-50 / nonprofit shortlist).,False,,,,
182917,02223300,022233,Magdalen College,NH,2023,2.0,2.0,58.0,0.31052893,-0.2564102564102564,0.03571428571428581,0.5227724604727407,-0.43344094232817254,0.5189642164631412,2.2,False,False,False,False,2022.0,2023.0,2023.0,2023.0,2023.0,2023.0,2023.0,,False,,,,,,,,,,,False,,2022.0,urban,26472.0,5700.0,,1.0,6.0,False,Web note not collected (outside top-50 / nonprofit shortlist).,False,,,,
488004,04243200,042432,Central Yeshiva Beth Joseph,NY,2023,2.0,2.0,18.0,0.30973116,-0.3076923076923077,-0.5609756097560976,0.6280939779340127,0.04424553551840639,0.05218634317793958,3.0,False,False,False,False,2023.0,2024.0,2024.0,2021.0,2024.0,2025.0,2025.0,,False,False,1.0,True,2.0,0.0,,,,,,False,,2023.0,urban,5775.0,0.0,,,,False,Web note not collected (outside top-50 / nonprofit shortlist).,False,,,,
171881,00231100,002311,Kuyper College,MI,2023,2.0,2.0,128.0,0.3084577,0.15315315315315314,0.09401709401709413,0.46513681037898746,0.15369238713572372,0.2208920269400581,1.4,True,False,False,False,2023.0,2024.0,2024.0,2024.0,2024.0,2025.0,2025.0,,False,False,1.0,True,2.0,0.0,,,,,,False,,2023.0,urban,47224.0,826787.0,192527.0,1.0,6.5,False,Web note not collected (outside top-50 / nonprofit shortlist).,False,,,,
444130,03813300,038133,Northcentral University,CA,2023,2.0,2.0,5001.0,0.30784324,-0.30153631284916205,-0.18016393442622947,0.1148017021519143,-0.3060505223174545,0.9987281520178135,0.2,False,True,False,False,2021.0,2024.0,2024.0,,2021.0,2025.0,2025.0,,False,False,1.0,True,2.0,0.0,,,,,,False,,2021.0,urban,,1222053.0,1499920.0,6.5,8.5,False,Web note not collected (outside top-50 / nonprofit shortlist).,False,,,,
204617,00303500,003035,Ohio Dominican University,OH,2023,2.0,2.0,1127.0,0.30773452,-0.07471264367816088,-0.04410517387616619,0.4791039914708009,0.02972738280255102,0.525745574601892,2.1,False,False,False,False,2023.0,2024.0,2024.0,2024.0,2024.0,2025.0,2025.0,,False,False,1.0,True,2.0,0.0,,,,,,False,,2023.0,urban,48357.0,660345.0,585712.0,4.0,6.25,False,Web note not collected (outside top-50 / nonprofit shortlist).,False,,,,
195191,00646700,006467,St. Joseph's College of Nursing,NY,2023,2.0,5.0,204.0,0.30747414,-0.21235521235521237,0.15909090909090917,0.07372118373773669,-0.2493532166440619,0.8557375061969761,1.4,True,False,False,False,2023.0,2024.0,2024.0,2024.0,2024.0,2025.0,2025.0,,False,False,1.0,True,2.0,0.0,,,,,,False,,2023.0,urban,2776.0,40049.0,228639.0,1.0,1.0,False,Web note not collected (outside top-50 / nonprofit shortlist).,False,,,,
487658,04248400,042484,Academy of Interactive Entertainment,LA,2023,2.0,5.0,95.0,0.30737564,0.1728395061728396,0.0674157303370786,0.06655662267128466,-0.1976895024821961,0.9186115151744825,2.6,False,False,False,False,2023.0,2024.0,2024.0,2024.0,2024.0,2025.0,2025.0,,False,False,1.0,True,2.0,0.0,,,,,,False,,2023.0,urban,100.0,27.0,,,,False,Web note not collected (outside top-50 / nonprofit shortlist).,False,,,,
169363,00384256,003842,Concordia University Ann Arbor,MI,2023,2.0,2.0,959.0,0.3073108,-0.03229061553985868,-0.25485625485625485,0.4378504814586448,-0.114180178905919,0.646124003237061,1.0,True,False,False,False,2017.0,2024.0,2024.0,2024.0,2024.0,2025.0,2025.0,,False,False,1.0,True,2.0,0.0,,,,,,False,,2023.0,urban,85479.0,575079.0,257679.0,2.0,5.5,False,Web note not collected (outside top-50 / nonprofit shortlist).,False,,,,
145619,00176700,001767,Benedictine University,IL,2023,2.0,2.0,2864.0,0.3064885,-0.27621935809957043,-0.014113597246127374,0.4851524678267643,-0.15588482532087555,0.7168097507577869,2.7,False,False,False,False,2023.0,2024.0,2024.0,2024.0,2024.0,2025.0,2025.0,,False,False,1.0,True,2.0,0.0,,,,,,False,,2023.0,urban,106690.0,414643.0,757475.0,3.0,6.5,False,Web note not collected (outside top-50 / nonprofit shortlist).,False,,,,
101365,00962107,009621,Herzing University-Birmingham,AL,2023,2.0,2.0,449.0,0.30644828,-0.2553897180762852,0.051522248243559776,0.14433494264848293,-0.04468847564162532,0.9332035261159117,,,,False,False,2023.0,2024.0,2024.0,2024.0,2024.0,2025.0,,,False,False,1.0,True,2.0,0.0,,,,,,False,,2023.0,urban,,563822.0,,0.0,0.0,False,Web note not collected (outside top-50 / nonprofit shortlist).,False,,,,
487603,00378300,003783,Northwest University-Center for Online and Extended Education,WA,2023,2.0,2.0,560.0,0.30640373,-0.13043478260869568,-0.07438016528925617,0.02774894470970867,0.353970080552359,0.9700805523590333,2.9,False,False,False,False,2023.0,2024.0,2024.0,,2024.0,2025.0,2025.0,,False,False,1.0,True,2.0,0.0,,,,,,False,,,,,,,,,False,Web note not collected (outside top-50 / nonprofit shortlist).,False,,,,
493822,04283600,042836,College Unbound,RI,2023,2.0,2.0,440.0,0.30253097,3.0740740740740744,0.18598382749326148,0.11556228319988991,0.016183831062890345,0.36817223669314,,,,False,False,2023.0,2024.0,2024.0,,2024.0,2025.0,,,False,False,1.0,True,2.0,0.0,,,,,,False,,2023.0,urban,600.0,0.0,,,,False,Web note not collected (outside top-50 / nonprofit shortlist).,False,,,,
117104,02270600,022706,Life Pacific University,CA,2023,2.0,2.0,538.0,0.29810604,0.0717131474103585,0.19290465631929044,0.27708305150736284,-0.2729408244462089,0.5289041098684573,2.5,False,False,False,False,2023.0,2024.0,2024.0,2024.0,2024.0,2025.0,2025.0,,False,False,1.0,True,2.0,0.0,,,,,,False,,2023.0,urban,38044.0,759708.0,185869.0,1.0,2.13,False,Web note not collected (outside top-50 / nonprofit shortlist).,False,,,,
493664,04278500,042785,Yeshivat Hechal Shemuel,NY,2023,2.0,2.0,63.0,0.29646403,-0.2222222222222222,-0.23170731707317072,0.46599397021295846,0.10490639073734215,0.1500799459149806,,,,False,False,2023.0,2024.0,2024.0,2024.0,2024.0,2025.0,,,False,False,1.0,True,2.0,0.0,,,,,,False,,2023.0,urban,5851.0,1.0,,,,False,Web note not collected (outside top-50 / nonprofit shortlist).,False,,,,
164915,03194300,031943,Boston Graduate School of Psychoanalysis Inc,MA,2023,2.0,2.0,50.0,0.29475662,0.020408163265306145,-0.13793103448275867,0.03157155053466339,0.24901411358947184,0.719869849765849,2.5,False,False,False,False,2023.0,2024.0,2024.0,,2024.0,2025.0,2025.0,,False,False,1.0,True,2.0,0.0,,,,,,False,,2023.0,urban,7015.0,256.0,,1.0,1.0,False,Web note not collected (outside top-50 / nonprofit shortlist).,False,,,,
214528,02183000,021830,Orleans Technical College,PA,2023,2.0,5.0,381.0,0.29383543,0.07627118644067798,0.6422413793103448,0.09804153090660561,-0.07845525309352071,0.6546231306722562,3.0,False,False,False,False,2019.0,2024.0,2024.0,2024.0,2024.0,2025.0,2025.0,,False,False,1.0,True,2.0,0.0,,,,,,False,,2023.0,urban,1220.0,1326.0,,0.36,0.36,False,Web note not collected (outside top-50 / nonprofit shortlist).,False,,,,
246789,03216300,032163,HJ International Graduate School for Peace and Public Leadership,NY,2023,2.0,2.0,40.0,0.29368433,0.08108108108108114,0.1428571428571428,0.5440112730799084,0.5420998453631216,0.023185562448476964,2.2,False,False,False,False,2023.0,2024.0,2024.0,2014.0,2024.0,2025.0,2025.0,,False,False,1.0,True,2.0,0.0,,,,,,False,,2023.0,urban,4497.0,257796.0,,0.85,0.85,False,Web note not collected (outside top-50 / nonprofit shortlist).,False,,,,
211352,00324100,003241,Cabrini University,PA,2023,2.0,2.0,1048.0,0.2916264,-0.4380697050938338,-0.30133333333333334,0.49070135724288505,-0.17930253338815896,0.4876231324729721,2.2,False,False,False,False,2022.0,2023.0,2023.0,2023.0,2023.0,2023.0,2023.0,,False,,,,,,,,,,,False,,2022.0,urban,44715.0,279832.0,676898.0,4.0,8.5,False,Web note not collected (outside top-50 / nonprofit shortlist).,False,,,,
199643,00296200,002962,Shaw University,NC,2023,2.0,2.0,867.0,0.29141545,-0.2756892230576441,0.003472222222222321,0.4403899679533876,-0.3155183730069574,0.27475354647414274,1.2,True,False,False,False,2023.0,2024.0,2024.0,2024.0,2024.0,2025.0,2025.0,,False,False,1.0,True,2.0,0.0,,,,,,False,,2023.0,urban,28042.0,403148.0,394800.0,3.0,15.0,False,Web note not collected (outside top-50 / nonprofit shortlist).,False,,,,
123952,02075800,020758,Southern California Institute of Architecture,CA,2023,2.0,2.0,555.0,0.29132536,-0.1777777777777778,-0.1091492776886035,0.25918405824426044,0.17778984154989314,0.6932446646082856,3.0,False,False,False,False,2023.0,2024.0,2024.0,2024.0,2024.0,2025.0,2025.0,,False,False,1.0,True,2.0,0.0,,,,,,False,,2023.0,urban,26914.0,243400.0,312104.0,1.0,9.0,False,Web note not collected (outside top-50 / nonprofit shortlist).,False,,,,
124283,00128800,001288,Claremont School of Theology,CA,2023,2.0,2.0,71.0,0.2895421,-0.5919540229885057,-0.1839080459770115,0.7234845255772552,-0.4015581752506437,0.13629880315661141,0.6,False,True,False,False,2023.0,2024.0,2024.0,,2024.0,2025.0,2025.0,,False,False,1.0,True,2.0,0.0,,,,,,False,,2023.0,urban,200000.0,603000.0,,1.0,1.0,False,Web note not collected (outside top-50 / nonprofit shortlist).,False,,,,
140340,00962106,009621,Herzing University-Atlanta,GA,2023,2.0,2.0,522.0,0.28853,-0.41348314606741576,-0.14983713355048855,0.10814162965648862,0.2109899021731994,0.9632521042610466,,,,False,False,2023.0,2024.0,2024.0,2024.0,2024.0,2025.0,,,False,False,1.0,True,2.0,0.0,,,,,,False,,2023.0,urban,27.0,563822.0,126253.0,0.0,1.0,False,Web note not collected (outside top-50 / nonprofit shortlist).,False,,,,
152099,00182400,001824,Oakland City University,IN,2023,2.0,2.0,617.0,0.28812903,-0.36912065439672803,-0.07218045112781957,0.7460346121321121,-0.3303446288661623,0.24458613396924872,2.0,False,False,False,False,2023.0,2024.0,2024.0,2024.0,2024.0,2025.0,2025.0,,False,False,1.0,True,2.0,0.0,,,,,,False,,2023.0,urban,61597.0,249025.0,172008.0,1.0,7.3,False,Web note not collected (outside top-50 / nonprofit shortlist).,False,,,,
126669,00940100,009401,Colorado Christian University,CO,2023,2.0,2.0,7873.0,0.2874986,0.3034768211920529,0.05706229860365197,0.2985823884053407,0.09692965567037877,0.6912502833530144,3.0,False,False,False,False,2023.0,2024.0,2024.0,2014.0,2024.0,2025.0,2025.0,,False,False,1.0,True,2.0,0.0,,,,,,False,,2023.0,urban,27532.0,1428719.0,685402.0,4.0,8.5,False,Web note not collected (outside top-50 / nonprofit shortlist).,False,,,,
169327,00224600,002246,Cleary University,MI,2023,2.0,2.0,889.0,0.28600225,0.431561996779388,-0.06322444678609063,0.47264453353790387,0.04764243634780882,0.9318924484382933,2.7,False,False,False,False,2023.0,2024.0,2024.0,2024.0,2024.0,2025.0,2025.0,,False,False,1.0,True,2.0,0.0,,,,,,False,,2023.0,urban,,377033.0,,0.0,0.5,False,Web note not collected (outside top-50 / nonprofit shortlist).,False,,,,
433536,00962110,009621,Herzing University-New Orleans,LA,2023,2.0,2.0,400.0,0.28378633,-0.16839916839916835,-0.07192575406032486,0.14252934623559424,-0.0062751656855165264,0.8333156552201032,,,,False,False,2023.0,2024.0,2024.0,2024.0,2024.0,2025.0,,,False,False,1.0,True,2.0,0.0,,,,,,False,,2023.0,urban,0.0,563822.0,,0.0,0.0,False,Web note not collected (outside top-50 / nonprofit shortlist).,False,,,,
179317,00250900,002509,Saint Paul School of Theology,KS,2023,2.0,2.0,59.0,0.2836167,-0.11940298507462688,-0.11940298507462688,0.3526467803580349,0.4466411390288984,0.12227114059500552,2.2,False,False,False,False,2023.0,2024.0,2024.0,,2024.0,2025.0,2025.0,,False,False,1.0,True,2.0,0.0,,,,,,False,,2023.0,urban,7153.0,594111.0,,0.5,1.5,False,Web note not collected (outside top-50 / nonprofit shortlist).,False,,,,
129428,00280301,002803,Rensselaer at Hartford,CT,2023,2.0,2.0,144.0,0.28334987,3.645161290322581,1.2025625067369223,0.14406065711878685,-0.8629764065335753,0.9219600725952813,,,,False,False,2022.0,2023.0,2023.0,,2023.0,2023.0,,,False,,,,,,,,,,,False,,2019.0,urban,,597397.0,2794118.0,,,False,Web note not collected (outside top-50 / nonprofit shortlist).,False,,,,
434937,03937300,039373,Yeshiva College of the Nations Capital,MD,2023,2.0,2.0,54.0,0.28223214,1.8421052631578947,-0.0847457627118644,0.7198597425043687,-0.17512816723366828,0.15767905748119282,1.7,False,False,False,False,2023.0,2024.0,2024.0,,2024.0,2025.0,2025.0,,False,False,1.0,True,2.0,0.0,,,,,,False,,2023.0,urban,13225.0,3.0,,,,False,Web note not collected (outside top-50 / nonprofit shortlist).,False,,,,
498809,04301700,043017,Yeshiva of Kasho,NY,2023,2.0,2.0,185.0,0.2780939,,0.04519774011299438,0.16016971798953833,0.1171630977934006,0.3887819681861192,,,,False,False,2023.0,2024.0,2024.0,,2024.0,2025.0,,,False,False,1.0,True,2.0,0.0,,,,,,False,,2023.0,urban,6500.0,0.0,,,,False,Web note not collected (outside top-50 / nonprofit shortlist).,False,,,,
222877,02081400,020814,Arlington Baptist University,TX,2023,2.0,2.0,272.0,0.27781308,0.9710144927536233,0.022556390977443552,0.29446289071064036,0.10897298613634042,0.6086290469146067,1.7,False,False,False,False,2023.0,2024.0,2024.0,,2024.0,2025.0,2025.0,,False,False,1.0,True,2.0,0.0,,,,,,False,,2023.0,urban,42527.0,38.0,,1.0,2.0,False,Web note not collected (outside top-50 / nonprofit shortlist).,False,,,,
232885,03106500,031065,Sentara College of Health Sciences,VA,2023,2.0,2.0,360.0,0.2774339,0.008403361344537785,0.04956268221574334,0.0017199570268736837,-1.1278252712372392,0.8540337961168489,3.0,False,False,False,False,2023.0,2024.0,2024.0,2010.0,2024.0,2025.0,2025.0,,False,False,1.0,True,2.0,0.0,,,,,,False,,2023.0,urban,8658.0,39919.0,2118714.0,3.0,5.5,False,Web note not collected (outside top-50 / nonprofit shortlist).,False,,,,
242653,00394000,003940,Inter American University of Puerto Rico-Metro,PR,2023,2.0,2.0,3212.0,0.2772708,-0.4986733260496332,-0.018637335777574093,0.044810929936126356,0.052665185953825855,0.5404573692668528,3.0,False,False,False,False,2023.0,2024.0,2024.0,2024.0,2024.0,2025.0,2025.0,,False,False,1.0,True,2.0,0.0,,,,,,False,,2023.0,urban,120545.0,587558.0,1151531.0,3.0,13.0,False,Web note not collected (outside top-50 / nonprofit shortlist).,False,,,,
135364,03100900,031009,Luther Rice College & Seminary,GA,2023,2.0,2.0,240.0,0.27720296,-0.48275862068965514,-0.1208791208791209,0.07277031236095043,0.016801886280803934,0.8386000095591901,2.9,False,False,False,False,2023.0,2024.0,2024.0,2024.0,2024.0,2025.0,2025.0,,False,False,1.0,True,2.0,0.0,,,,,,False,,2023.0,urban,62175.0,772626.0,192370.0,2.0,3.0,False,Web note not collected (outside top-50 / nonprofit shortlist).,False,,,,
495059,04293400,042934,Oak Valley College,CA,2023,2.0,2.0,101.0,0.27694175,,0.6833333333333333,0.4874839838744961,0.17400458783778028,0.5278948300199475,,,,False,False,2023.0,2024.0,2024.0,,2024.0,2025.0,,,False,False,1.0,True,2.0,0.0,,,,,,False,,2023.0,urban,,13228.0,,,,False,Web note not collected (outside top-50 / nonprofit shortlist).,False,,,,
493600,04276900,042769,Congregation Talmidei Mesivta Tiferes Shmiel Aleksander,NY,2023,2.0,2.0,169.0,0.2761582,-0.05586592178770955,0.0,0.47230430795088435,0.22237126404527333,0.3002188089784833,,,,False,False,2023.0,2024.0,2024.0,,2024.0,2025.0,,,False,False,1.0,True,2.0,0.0,,,,,,False,,2023.0,urban,4000.0,0.0,,,,False,Web note not collected (outside top-50 / nonprofit shortlist).,False,,,,
441690,03531300,035313,Universidad Pentecostal Mizpa,PR,2023,2.0,2.0,124.0,0.27570873,-0.5079365079365079,-0.023622047244094446,0.011467513113272862,0.2069405511150918,0.5415162977013569,1.5,False,False,False,False,2023.0,2024.0,2024.0,,2024.0,2025.0,2025.0,,False,False,1.0,True,2.0,0.0,,,,,,False,,2023.0,urban,9576.0,136818.0,,1.0,1.0,False,Web note not collected (outside top-50 / nonprofit shortlist).,False,,,,
205124,00311500,003115,Rabbinical College Telshe,OH,2023,2.0,2.0,88.0,0.2749774,0.33333333333333326,0.1282051282051282,0.3207539996350143,0.11756776614487784,0.2706525213565803,1.7,False,False,False,False,2023.0,2024.0,2024.0,2024.0,2024.0,2025.0,2025.0,,False,False,1.0,True,2.0,0.0,,,,,,False,,2023.0,urban,16550.0,0.0,,1.0,2.0,False,Web note not collected (outside top-50 / nonprofit shortlist).,False,,,,
233356,01004300,010043,Bon Secours Memorial College of Nursing,VA,2023,2.0,2.0,517.0,0.27461207,0.5572289156626506,0.07708333333333339,0.23680401832650835,-0.8881652374641666,0.9963797488469117,2.8,False,False,False,False,2023.0,2024.0,2024.0,2013.0,2024.0,2025.0,2025.0,,False,False,1.0,True,2.0,0.0,,,,,,False,,2023.0,urban,666.0,183586.0,116519.0,1.0,1.0,False,Web note not collected (outside top-50 / nonprofit shortlist).,False,,,,
156365,00195900,001959,Campbellsville University,KY,2023,2.0,2.0,6036.0,0.27310333,-0.2878716375648891,-0.20095313741064336,0.21570906600572556,0.04665877361517259,0.7789725896557758,3.0,False,False,False,False,2023.0,2024.0,2024.0,2024.0,2024.0,2025.0,2025.0,,False,False,1.0,True,2.0,0.0,,,,,,False,,2023.0,urban,80624.0,594146.0,581217.0,2.0,10.0,False,Web note not collected (outside top-50 / nonprofit shortlist).,False,,,,
144281,00166500,001665,Columbia College Chicago,IL,2023,2.0,2.0,5183.0,0.27097416,-0.19817450495049505,-0.14074933687002655,0.4440949923387029,-0.09056895061595034,0.60942365290434,3.0,False,False,False,False,2023.0,2024.0,2024.0,2024.0,2024.0,2025.0,2025.0,,False,False,1.0,True,2.0,0.0,,,,,,False,,2023.0,urban,184919.0,168751.0,2370521.0,11.0,44.0,False,Web note not collected (outside top-50 / nonprofit shortlist).,False,,,,
213358,00398700,003987,La Roche University,PA,2023,2.0,2.0,1146.0,0.27073264,-0.10258418167580263,-0.15797207935341662,0.3626316254251315,-0.13472142271892035,0.707860578881509,1.8,False,False,False,False,2023.0,2024.0,2024.0,2024.0,2024.0,2025.0,2025.0,,False,False,1.0,True,2.0,0.0,,,,,,False,,2023.0,urban,22816.0,353325.0,334620.0,3.0,11.0,False,Web note not collected (outside top-50 / nonprofit shortlist).,False,,,,
