unitid,opeid6,opeid8,watchlist_rank,inst_name,state_abbr,status,status_detail,property_disposition,buyer_or_broker,event_date,sale_price_published,sold_listed_details,source_url,checked_at,library_notes
467368,9748,974811,1,Carrington College-Ontario,CA,closed,"Closed (campus permanently closed Jan 8, 2024; parent Carrington/SJVC still operates elsewhere)",no_sale_found,,2024-01-08,,no sale/listing found,"https://carrington.edu/; VA Education Service closed-campus bulletin (Ontario effective Jan 8, 2024) as cited in prior dossier",2026-10-05,Library disposition unknown; system librarian Emily Croft / SJVCi Visalia remain parent contacts
206394,12896,1289600,2,The North Coast College,OH,closed,"Closed (Aug 30, 2024)",sold,Educational Empowerment Group / Lake Erie International High School,2024-04 (acquisition announced; college closed 2024-08-30),,"Campus building acquired / reused by Lake Erie International High School (Educational Empowerment Group); LEIHS now at 11728 Detroit Ave, Lakewood. Purchase price not published",https://www.edempowerment.com/june-eeg-news-and-updates-2/; https://www.lakeeriehigh.org/home-2/; https://www.highereddive.com/news/for-profit-north-coast-college-closing/714501/,2026-10-05,"~1,500 fashion/design volumes; disposition after closure undocumented"
164641,3965,396500,3,Bay State College,MA,closed,"Closed (ceased degree-granting by Aug 31, 2023 after NECHE withdrawal)",no_sale_found,,2023-08-31,,"no sale/listing found for college-owned campus real estate (school leased Back Bay space; building at 31 St. James Ave is third-party office property, not a Bay State asset sale)",https://en.wikipedia.org/wiki/Bay_State_College; https://www.mass.gov/info-details/closed-school-transcripts (MA DHE closed-school pathways),2026-10-05,Print (~11k vols) donated to Internet Archive Dec 2020 / IA blog Jan 2021; digital-only by closure
444255,7469,746903,4,Hussian College-Daymar College Murfreesboro,TN,closed,Closed (Hussian/Daymar TN campuses wound down ~May–Jul 2023),no_sale_found,,2023,,no sale/listing found,https://www.tn.gov/thec/ (THEC Hussian College Closure Resources); ACCSC notices,2026-10-05,Library disposition unknown; THEC holds transcripts only
458496,9270,927007,5,The Art Institute of Virginia Beach,VA,closed,"Closed (Art Institutes system closed Sep 30, 2023)",no_sale_found,Auction757 (library/FF&E auctioneer; building owned by Armada Hoffler per CoStar),2023-09-30 (closure); 2024-04-02 (library auction),,no campus real-estate sale/listing found (leased space; vacated). Personal-property/library auctioned,https://ainextstep.com/; https://auction757.com/auction_listings/art-institute-of-virginia-beach-auction/; https://www.costar.com/article/1661422515/art-institutes-to-close-vacate-space-in-atlanta-houston-miami-other-markets,2026-10-05,"Library liquidated at Auction757 Apr 2, 2024"
451820,21171,2117102,6,The Art Institute of Austin,TX,closed,"Closed (Sep 30, 2023; final Bastrop address 1204 Chestnut St)",no_sale_found,"Waddle Auctioneers, LLC (library/auctioneer; building owners per CoStar)",2023-09-30,,no campus real-estate sale/listing found (leased). Likely library sold by the shelf via Waddle Auctioneers spring 2024,https://ainextstep.com/; https://www.waddleauctioneers.com/; THECB AI-TX closure notices,2026-10-05,Likely Waddle Auctioneers spring 2024 shelf sale; buyer identity not published
458982,21171,2117104,7,The Art Institute of San Antonio,TX,closed,"Closed (Sep 30, 2023)",no_sale_found,,2023-09-30,,no sale/listing found (leased at Colonial Center / Hanover),https://ainextstep.com/; https://www.costar.com/article/1661422515/art-institutes-to-close-vacate-space-in-atlanta-houston-miami-other-markets,2026-10-05,Library disposition unknown
205559,7469,746906,8,Hussian College-Daymar College Columbus,OH,closed,"Closed (ACCSC withdrawal/closure effective Jul 17, 2023)",no_sale_found,,2023-07-17,,no sale/listing found,https://scr.ohio.gov/information-for-students/student-transcripts/student-transcripts; ACCSC public notices,2026-10-05,~406 volumes; disposition unknown
224776,8878,887807,9,Miami International University of Art & Design-Art Institute Dallas,TX,closed,"Closed (Sep 30, 2023)",no_sale_found,,2023-09-30,,no sale/listing found (leased ~20k sf; Northwood Investors building owner per CoStar),https://ainextstep.com/; Dallas Morning News / Community Impact; THECB,2026-10-05,"Mildred M. Kelley Library ~9,012 IPEDS books; disposition unknown"
121275,23043,2304300,10,Platt College-San Diego,CA,closed,"Closed (voluntarily closed Jul 1, 2023)",no_sale_found,,2023-07-01,,no sale/listing found,https://platt.edu/ (school closure statement); https://en.wikipedia.org/wiki/Platt_College_(San_Diego),2026-10-05,~500 physical volumes; disposition unknown
437732,21553,2155312,11,Chicago School of Professional Psychology-College of Nursing,TX,operating,Still operating (parent The Chicago School; Dallas campus relocated to Plano 2025; nursing UNITID still listed Richardson in IPEDS directories — no permanent-closure notice found for College of Nursing),not_applicable,,,,N/A — operating,https://www.thechicagoschool.edu/in-the-community/locations/dallas/; https://nces.ed.gov/ipeds/dfr/2024/ReportHTML.aspx?unitId=437732,2026-10-05,Any Richardson weeding from Plano move undocumented
450702,9748,974804,12,Carrington College-Citrus Heights,CA,closed,"Closed (campus permanently closed effective Jan 8, 2024 per VA Education Service)",no_sale_found,,2024-01-08,,no sale/listing found for former campus at 7310 A Greenback Lane,"https://carrington.edu/; VA Education Service bulletin citing Citrus Heights closure effective Jan 8, 2024",2026-10-05,Library disposition unknown; parent SJVCi/Carrington still operating
436261,26220,2622002,13,Southwest Acupuncture College-Boulder,CO,closed,"Closed (permanently closed Aug 31, 2023)",no_sale_found,,2023-08-31,,no sale/listing found (suite/leased campus),https://southwestacupuncturecollege.com/ (closure site); Colorado HED / Verif-y transcripts,2026-10-05,"~2,445 Oriental-medicine print; disposition unknown"
422020,21207,2120702,14,San Joaquin Valley College-Trades Education Center,CA,operating,Still operating normally (Fresno TEC; programs active in 2026–27 catalog),not_applicable,,,,N/A — operating,https://static.sjvc.edu/_downloads/consumerinfo/SJVC-2026-2027-College-Catalog-04132026.pdf; https://www.sjvc.edu/location/,2026-10-05,LLRC operational; no surplus auction notice
445461,1499,149916,15,Altierus Career College-Bissonnet,TX,closed,"Closed (permanently closed Apr 2, 2023; all Altierus campuses closed)",no_sale_found,,2023-04-02,,no sale/listing found,https://www.altierus.edu/; ED Closed School Monthly Report Jul 2023; THECB / DiplomaSender,2026-10-05,IPEDS entire_library_electronic flag; no physical auction notice
222938,21171,2117100,16,The Art Institute of Houston,TX,closed,"Closed (Sep 30, 2023)",no_sale_found,,2023-09-30,,no sale/listing found (leased ~78k sf; Medistar building owner per CoStar),https://ainextstep.com/; https://www.houstonchronicle.com/news/houston-texas/education/article/art-institute-houston-permanently-closed-18384375.php; https://www.costar.com/article/1661422515/art-institutes-to-close-vacate-space-in-atlanta-houston-miami-other-markets,2026-10-05,"~16,533 IPEDS books; disposition unknown"
212993,7469,746900,17,Hussian College-Philadelphia,PA,closed,"Closed (last day of instruction May 26, 2023)",no_sale_found,,2023-05-26,,no sale/listing found,https://www.pa.gov/content/dam/copapwp-pagov/en/education/documents/instruction/postsecondary-adult/college-and-career-education/fact%20sheet%20hussian%20college%20philadelphia%20pa%20july%202023.pdf; ED fact sheet / ACCSC; PA DOE higher-education closed-school pathways,2026-10-05,"~1,628 books; disposition unknown"
138813,9270,927000,18,The Art Institute of Atlanta,GA,closed,"Closed (Sep 30, 2023)",no_sale_found,,2023-09-30,,no sale/listing found (Embassy Row space marketed for lease after vacancy; Bridge Commercial RE owner per CoStar),https://ainextstep.com/; GNPEC news 28 Sep 2023; https://www.costar.com/article/1661422515/art-institutes-to-close-vacate-space-in-atlanta-houston-miami-other-markets,2026-10-05,"~24,681 IPEDS books; Atlanta-specific auction not found (VB sister auctioned)"
366605,26220,2622000,19,Southwest Acupuncture College-Santa Fe,NM,closed,"Closed (permanently closed Aug 31, 2023)",no_sale_found,,2023-08-31,,no sale/listing found,https://southwestacupuncturecollege.com/; NMHED closed-schools list 2023,2026-10-05,"~2,088 Oriental-medicine print; disposition unknown"
490559,25830,2583001,20,Gwinnett Institute,FL,operating,Still operating normally as Meridian College Orlando branch (Gwinnett branding retained),not_applicable,,,,N/A — operating,https://www.meridian.edu/locations/career-training-in-orlando-florida/,2026-10-05,No distinctive collection noted
220002,7469,746902,21,Hussian College-Daymar College Nashville,TN,closed,Closed (2023; Hussian system shutdown ~Jun–Jul 2023),no_sale_found,,2023,,no sale/listing found,THEC / ACCSC; https://www.tn.gov/thec/,2026-10-05,Library disposition unknown; transcripts via THEC/Nemonx
456977,30716,3071603,22,CBT Technology Institute-Cutler Bay,FL,operating,Still operating normally (CIE annual license; live campus programs),not_applicable,,,,N/A — operating,https://www.cbt.edu/locations/cutler-bay-campus/; Florida CIE listing,2026-10-05,Blank IPEDS physical; LIRN/digital model likely
481155,42064,4206400,23,Helms College,GA,operating,Still operating normally (Macon & Augusta; ACCET accredited through ~2030),not_applicable,,,,N/A — operating,https://www.helms.edu/; https://www.helms.edu/helms-college-granted-full-five-year-accreditation-by-accet-affirming-quality-outcomes-and-community-impact/,2026-10-05,No distinctive holdings published
459417,41633,4163300,24,Compass College of Film and Media,MI,closed,Closed as college (end of Summer 2023); facility/students transitioned to Calvin University,sold,Calvin University,2023 (announced Jul 2023; Compass closed before Fall 2023),,"Building at 41 Sheldon Ave SE assumed by Calvin University (announced Jul 2023; LOI to take students and assume ownership of ~29,000 sq ft facility). Purchase price not published",https://calvin.edu/stories/calvin-university-and-compass-college-film-and-media-announce-pathway-enhance-educational; https://www.mlive.com/news/grand-rapids/2023/07/calvin-university-will-absorb-students-facilities-from-closing-grand-rapids-film-school.html,2026-10-05,~621 print volumes; facility transfer ≠ documented library transfer
494755,5007,500703,25,West Virginia Junior College-United Career Institute,PA,operating,Still operating normally (UCI Irwin campus),not_applicable,,,,N/A — operating,https://unitedcareer.edu/; https://unitedcareer.edu/your-questions-answered/,2026-10-05,Named librarian; no distinctive holdings
237598,5008,500800,26,Mountain State College,WV,closed,"Closed (last student day Mar 14, 2024; Ch.7 bankruptcy May 2024)",sold,Joe R. Pyle Auction & Realty (broker/auctioneer Tia Wolski); buyer unpublished,2024-09-19 (auction/sold),,"Campus buildings auctioned and marked SOLD (Joe R. Pyle, Sep 19, 2024) — 1508 Spring Ave, 509 & 501 16th St, parking lots. Buyer identity and sale prices not published on auction page","https://www.joerpyleauctions.com/auctions/detail/bw125947; https://www.newsandsentinel.com/news/business/2024/04/struggling-mountain-state-college-closes-its-doors/; https://www.pacermonitor.com/public/case/53656015/Mountain_State_College,_Inc",2026-10-05,"~3,415 books; auction text did not itemize library books"
181941,26215,2621500,27,Career College of Northern Nevada,NV,closed,"Closed (Feb 9, 2024; Ch.7 same day)",no_sale_found,Rabin Worldwide (personal-property auctioneer); real-estate buyer unpublished / no sale found,2024-04-10/11 (contents auction),,"Equipment/FF&E/library auctioned via Rabin Worldwide Apr 10–11, 2024 (auction completed). No published buyer or price for real estate at 1421 Pullman Drive; no current listing found for the building",https://rabin.com/Overview/Auction/entire-trade-school-learning-campus/; https://www.rgj.com/story/news/2024/02/13/career-college-of-northern-nevada-in-sparks-abruptly-shuts-down-friday/72583895007/,2026-10-05,Student library with tech manuals explicitly listed in Rabin auction lots
448372,21207,2120707,28,San Joaquin Valley College-Rancho Cordova,CA,not_enrolling,Open but not currently enrolling new students (still listed in SJVC 2026–27 catalog; Carrington/SJVC realignment),not_applicable,,,,N/A — not a closed-campus sale,https://static.sjvc.edu/_downloads/consumerinfo/SJVC-2026-2027-College-Catalog-04132026.pdf,2026-10-05,LLRC presumed on-site; watch Carrington allied-health shift
262457,21207,2120701,29,San Joaquin Valley College-Fresno,CA,not_enrolling,Open but not currently enrolling new students (explicit in SJVC 2026–27 catalog),not_applicable,,,,N/A — not a closed-campus sale,https://static.sjvc.edu/_downloads/consumerinfo/SJVC-2026-2027-College-Catalog-04132026.pdf,2026-10-05,Same SJVC/Carrington network
115728,1183,118300,30,Holy Names University,CA,closed,Closed (final semester Spring 2023). Campus sold and under redevelopment planning,sold,BH Properties (buyer); Tidewater Capital (redevelopment partner); originally brokered by CBRE,2023-06 (sale),~$65 million,Sold to BH Properties Jun 2023 for ~$65 million (60 acres). BH + Tidewater Capital filed 2026 housing plans (~165 single-family homes); not currently listed for resale,https://www.bhproperties.com/bh-properties-purchases-60-acre-oakland-hills-campus-of-holy-names-university; https://www.sfchronicle.com/realestate/article/home-housing-oakland-holy-names-21316822.php; https://sfyimby.com/2026/08/new-zoning-permits-filed-for-holy-names-campus-redevelopment-in-oakland.html,2026-10-05,Paul J. Cushing Library ~37k print; disposition undocumented (Dominican = transcripts only)
495952,21207,2120718,31,San Joaquin Valley College-Rancho Mirage,CA,operating,Still operating normally (Electrical / HVAC certificates in 2026–27 catalog),not_applicable,,,,N/A — operating,https://static.sjvc.edu/_downloads/consumerinfo/SJVC-2026-2027-College-Catalog-04132026.pdf,2026-10-05,LLRC operational
475176,21207,2120709,32,San Joaquin Valley College-Temecula,CA,operating,Still operating normally,not_applicable,,,,N/A — operating,https://static.sjvc.edu/_downloads/consumerinfo/SJVC-2026-2027-College-Catalog-04132026.pdf,2026-10-05,LLRC operational
443748,1499,149917,33,Altierus Career College-Norcross,GA,closed,Closed (commonly cited closed date 2023-04-02; all Altierus closed),no_sale_found,,2023-04-02,,no sale/listing found,https://www.altierus.edu/; https://gnpec.georgia.gov/student-resources/where-request-your-closed-school-transcriptverification-request,2026-10-05,No book trail; Verif-y/GNPEC = records only
442444,21207,2120704,34,San Joaquin Valley College-Ontario,CA,operating,Still operating normally,not_applicable,,,,N/A — operating,https://static.sjvc.edu/_downloads/consumerinfo/SJVC-2026-2027-College-Catalog-04132026.pdf,2026-10-05,LLRC operational
477233,2463,246301,35,Evangel University-James River Assembly of God Church,MO,operating,"Still operating as Evangel University additional location (James River College, Ozark area)",not_applicable,,,,N/A — operating,"https://www.evangel.edu/; James River additional location (Ozark, MO) listed in Evangel materials",2026-10-05,Satellite of Evangel library system — not a wind-down
172440,2322,232200,36,Finlandia University,MI,closed,University closed (ceased enrollment after Mar 2023 announcement). Campus buildings sold in pieces; city reports every building has a new owner by mid-2025,sold,City of Hancock; Finlandia Foundation National; Moyle; Naturally Michigan Properties; Right Start UP; others via receiver auction,2023–2024 (phased),"combined $30,000","Multiple sales: City of Hancock bought Mannerheim, Nikander, Wargelin for combined $30,000 (2023); Finlandia Foundation National bought FAHC + North Wind Books buildings; Moyle/Hancock Offices bought Jutila Center & Finn Hall; Naturally Michigan Properties bought Old Main & Chapel of St. Matthew; Right Start UP bought Hirvonen Hall. Absolute auction via Keen-Summit / Liquid Asset Partners for other parcels. No active for-sale listing found as of Oct 2026",https://www.uppermichiganssource.com/2023/10/18/hancock-city-council-approves-30000-purchase-agreement-three-former-finlandia-university-properties/; https://www.sooeveningnews.com/story/news/education/2024/01/06/foundation-announces-purchase-of-two-finlandiauniversity-buildings/72118794007/; https://keweenawreport.com/2025/07/30/149189/; https://upwordmichigan.com/new-life-in-old-halls-transforming-finlandia-universitys-former-buildings-for-a-vibrant-future/; https://www.keen-summit.com/receiver-orders-absolute-auction-of-finlandia-university-real-estate/,2026-10-05,FAHC archive + North Wind under Finlandia Foundation National; Maki circulating library auctioned (MTU Friends leftover path)
238430,3837,383700,37,Cardinal Stritch University,WI,closed,Closed (Spring 2023 final semester). Campus sold and redeveloped as Aug Prep North (opening Aug 2026),sold,Ramirez Family Foundation (buyer); Transwestern (broker),2023-07,$24 million,Sold to Ramirez Family Foundation Jul 2023 for $24 million (43.5 acres / 607k sf). Not listed for resale; under $100M Aug Prep North conversion,https://ramirezfamilyfoundation.org/news/ramirez-family-foundation-acquires-cardinal-stritch-campus/; https://transwestern.com/news-detail/cardinal-stritch-university-sells-607-000-square-foot-campus; https://www.jsonline.com/story/news/education/2025/09/05/progress-made-on-school-being-built-at-former-cardinal-stritch/85911959007/,2026-10-05,"IPEDS ~120,280 physical books; kitchen FF&E auctioned via Badger Corp Aug 2023 — library stacks disposition incompletely documented"
458885,1459,145984,38,Strayer University-Arkansas,AR,operating,Still operating (Little Rock campus listed in Strayer 2025–26 catalog),not_applicable,,,,N/A — operating,https://strayer.smartcatalogiq.com/en/2025-2026/catalog/campuses-and-locations,2026-10-05,Physical print centralized at Wilkes Library (D.C.) per dossier
495961,21207,2120719,39,San Joaquin Valley College-Santa Maria,CA,not_enrolling,Open but not currently enrolling new students (explicit in SJVC 2026–27 catalog),not_applicable,,,,N/A — not a closed-campus sale,https://static.sjvc.edu/_downloads/consumerinfo/SJVC-2026-2027-College-Catalog-04132026.pdf,2026-10-05,Watch for surplus if programs fully exit
488068,42448,4244800,40,Huntington University of Health Sciences,TN,closed,"Closed (Aug 25, 2023; DEAC closed-institutions list). Distance-education nutrition/health school",no_sale_found,,2023-08-25,,"no sale/listing found (office/distance footprint, not a research campus)",https://www.deac.org/public-notices/closed-institutions/; https://achs.edu/teach-out-information/,2026-10-05,No documented book auction; records → American College of Healthcare Sciences
134811,8878,887800,41,AI Miami International University of Art and Design,FL,closed,"Closed (Sep 30, 2023 with Art Institutes)",no_sale_found,,2023-09-30,,no campus sale found (1501 Biscayne / Omni offices — space marketed for office lease by Colliers for Resorts World Omni; not an AI-owned campus sale),https://ainextstep.com/; https://www.miamiherald.com/news/local/education/article279831174.html; https://www.citybiz.co/article/615509/colliers-tapped-to-lease-1501-biscayne-formerly-the-omni-offices/,2026-10-05,"~24,588 IPEDS books; no public book-transfer notice"
442426,23405,2340500,42,St Louis College of Health Careers-Fenton,MO,merged_acquired,"Still operating; institution sold to Stepful, Inc. and rebranded Stepful College (ownership transfer Dec 1, 2025; rebrand effective Aug 25, 2026). Fenton campus continues",institutional_sale,"Stepful, Inc.",2025-12-01 (ownership transfer),,Institutional stock-purchase sale to Stepful (not a closed-campus real-estate liquidation). Campus remains in educational use,https://www.faegredrinker.com/en/services/experience/2026/1/st-louis-college-of-health-careers-completes-sale-to-stepful-inc; https://stepfulcollege.edu/; https://www.einpresswire.com/article/942265986/stepful-acquires-45-year-old-nursing-school-to-scale-healthcare-talent-development-through-accredited-degrees-programs,2026-10-05,Collection remains with operating school under Stepful
443571,25594,2559400,43,InterCoast Colleges-West Covina,CA,operating,Still operating normally (main campus),not_applicable,,,,N/A — operating,https://www.intercoast.edu/campuses/west-covina/,2026-10-05,LIRN/digital model; limited campus print
458955,1459,145991,44,Strayer University-Mississippi,MS,closed,System still operating; Jackson MS campus absent from Strayer 2025–26 campuses list (was listed in 2023–24). Treat MS ground footprint as closed/removed; online/system continues,no_sale_found,,~2024–2025 (removed from catalog),,no sale/listing found for former Jackson suite campus,https://strayer.smartcatalogiq.com/en/2025-2026/catalog/campuses-and-locations; https://strayer.smartcatalogiq.com/en/2023-2024/catalog/campuses-and-locations,2026-10-05,System library model (Wilkes Library D.C.)
122694,21207,2120703,45,San Joaquin Valley College-Bakersfield,CA,operating,Still operating normally,not_applicable,,,,N/A — operating,https://static.sjvc.edu/_downloads/consumerinfo/SJVC-2026-2027-College-Catalog-04132026.pdf,2026-10-05,LLRC operational
408729,20925,2092502,46,Laurel Technical Institute,PA,closed,Closed (IPEDS directory date_closed 2022-11-30; inst_status 4 in the 2023 directory; no directory row in 2024 or 2025),not_applicable,,2022-11-30,,,https://educationdata.urban.org/api/v1/college-university/ipeds/directory/2023/?unitid=408729,2026-10-05,No distinctive holdings noted
450298,1459,145948,47,Strayer University-Delaware,DE,operating,Still operating (Wilmington campus listed in Strayer 2025–26 catalog),not_applicable,,,,N/A — operating,https://strayer.smartcatalogiq.com/en/2025-2026/catalog/campuses-and-locations,2026-10-05,System library model
201751,10880,1088000,48,Chatfield College,OH,closed,Closed as degree-granting college (2022); successor nonprofit The Chatfield Edge continues student-support services on site,sold,"Future Plans, Inc. (buyer; GRIT Project / Appalachian Ohio nonprofit)",2024-10,~$3.5 million,"99-acre St. Martin property sold Oct 2024 to Future Plans, Inc. for ~$3.5 million. Chatfield Edge remains a tenant/organization on the property. Not currently listed for resale",https://www.chatfieldedge.org/the-chatfield-edge-sells-st-martin-ohio-property-to-future-plans-inc/; https://www.bizjournals.com/cincinnati/news/2024/11/06/chatfield-edge-sells-campus-st-mary-future-plans.html; https://local12.com/news/local/former-cincinnati-area-college-sells-campus-millions-ohio-nonprofit-chatfield-edge-st-mary-future-plans-acres,2026-10-05,"~15,059 books; Ursuline Sisters of Brown County Archives / Sr. Patricia Homan heritage work separate from circulating stacks disposition (unclear)"
482422,10727,1072702,49,DeVry University-Arizona,AZ,operating,Still operating (Phoenix hybrid campus listed),not_applicable,,,,N/A — operating,https://www.devry.edu/about/campus-locations/arizona/phoenix.html; https://www.devry.edu/d/devry-catalog.pdf,2026-10-05,DeVry public FAQ describes virtual/ebook model
482547,10727,1072755,50,DeVry University-Nevada,NV,closed,"Closed (Henderson campus CLOSED May 2026 per DeVry Clery/annual disclosure dated Sep 30, 2026)",no_sale_found,,2026-05,,no sale/listing found (suite campus at 2490 Paseo Verde Pkwy Ste 150 — leased footprint),https://www.devry.edu/d/annual-disclosure-Henderson.pdf,2026-10-05,Virtual/ebook model; no physical collection sale found
